Method,RMSE,MAE,MaxErr
Silverman,0.3857141413864921,0.30537065351546355,1.040428993607974
Kernel_5Fold_CV,0.37796861652026525,0.29666288586296863,1.087791571008622
Kernel_LOOCV,0.3771771898069183,0.29632331017404373,1.0882254636605526
Entropy,0.39179686637076394,0.3043962936973353,1.079564441757378
