generation_type,method,n_total,n_valid,n_outliers_removed,imse_mean,imse_sem,imae_mean,imae_sem,maxerr_mean,maxerr_sem
deterministic,entropy,600,252,48,0.05535041746640902,0.0019928657679084013,0.15559818360052496,0.0033200272484640208,0.41054978405654696,0.013742798368223874
stochastic,entropy,600,244,56,0.05650936216253999,0.002167284641403263,0.15801568628483828,0.003589986470636843,0.3906528671677638,0.013357712970541924
