generation_type,method,n_total,n_valid,n_outliers_removed,imse_mean,imse_sem,imae_mean,imae_sem,maxerr_mean,maxerr_sem
deterministic,entropy,600,300,0,0.7903384115561968,0.20225853962405807,0.24770073690858477,0.018199957748277328,1.3292248807269862,0.19219925294937726
stochastic,entropy,600,300,0,1.1241036263396953,0.25197651542636,0.2759505572891472,0.02185573343116766,1.6034736059161794,0.23154169890481766
