generation_type,dataset_id,method,imse_integral,imae_integral,maxerr_integral,bandwidth
deterministic,0,silverman,0.8907575164615635,0.8688066253627601,1.0412563819275258,1.3166974571897032
deterministic,0,cv,0.6298254376675133,0.6213872936106971,1.6674779153388557,4.775775624958608
deterministic,0,loocv,0.6134884167804241,0.624211711123102,1.564923255602931,4.292897005614075
deterministic,1,silverman,1.2935818078216754,1.0549878489320335,1.6765685469784437,0.939704764611827
deterministic,1,cv,1.3360092704585658,1.1462489481060032,1.3404322396654964,7.047142336817682
deterministic,1,loocv,1.328344523439299,1.1428063409539249,1.3338223867587296,6.9260668931668325
deterministic,2,silverman,1.1881557907293272,0.9013162361736948,1.325657666006304,0.9724744039595115
deterministic,2,cv,0.9343886657662595,0.92079319441299,1.356715884132175,144.32731716451664
deterministic,2,loocv,0.9343886618554216,0.9207931928997413,1.3567158804130504,144.32704918166525
deterministic,3,silverman,2.4914887743458154,1.4137394076210357,2.269948046634462,0.8359600151530687
deterministic,3,cv,2.624415081686346,1.3584735684542688,3.427135899520016,2.3112828564154038
deterministic,3,loocv,2.592600221601392,1.346935578766382,3.483045633681884,2.6118161531253663
deterministic,4,silverman,0.8273909705469948,0.8676306277442776,1.185229783711863,1.0838925335679903
deterministic,4,cv,0.8329534041177066,0.870864932504668,1.1895569818412761,1.0662347268297236
deterministic,4,loocv,0.8316923634622235,0.8701332717615439,1.188581218389853,1.0701726234157125
deterministic,5,silverman,0.5536635090848467,0.6311940896005985,0.8478550134661096,1.173828436750789
deterministic,5,cv,0.7934550542741816,0.8195740323146152,1.3437264598472547,5.1014962025237685
deterministic,5,loocv,0.8225144722649935,0.8330642167681621,1.3681156503442014,5.752706136810961
deterministic,6,silverman,2.0393813255814908,1.190172652529405,3.1724603906515743,0.7403784052836556
deterministic,6,cv,1.3846611782531832,0.9844700911417359,1.7335740726131506,2.2681641540917914
deterministic,6,loocv,1.6218229837542175,1.080901907167586,1.7091870253932657,1.4156659268245948
deterministic,7,silverman,2.7285245632965083,1.4415328103132607,2.7341918664381093,1.1092124990367465
deterministic,7,cv,5.360347607346425,1.7999105706268148,5.839813954821543,0.4075215464776039
deterministic,7,loocv,1.2586386522511184,0.966491318048096,2.0811617414796757,164.62099553544581
deterministic,8,silverman,2.8374542319009364,1.6067618709494074,2.491020532843445,0.8471806110979242
deterministic,8,cv,2.5246175746860415,1.556035781639634,2.0281780138942374,125.7321142551903
deterministic,8,loocv,2.524617574462493,1.5560357815819104,2.028178013756382,125.7321645459338
deterministic,9,silverman,6.707442743643708,2.3027443954435123,4.931043114537457,1.0255173230245849
deterministic,9,cv,2.1199091039624087,1.398483898108296,2.6003544714383624,7.994200600829737
deterministic,9,loocv,2.1237804821780175,1.3999295460259265,2.6032371655455337,7.920115680452119
deterministic,10,silverman,16.002369775932735,2.882173937374878,2.0293278206089527,0.7952100900203881
deterministic,10,cv,14.418742596581376,2.812828848704336,2.197677556802234,0.7305138181179941
deterministic,10,loocv,20.45058617648197,2.9630770568824722,1.3050424550555024,1.127819801802362
deterministic,11,silverman,6.909125921491741,2.032261097478995,5.416113461346505,0.4942723597650721
deterministic,11,cv,6.190094127838275,1.9579732579285976,4.834346917663588,73.35624060996516
deterministic,11,loocv,6.190094126513184,1.9579732577799367,4.834346916835917,73.35621118476382
deterministic,12,silverman,1.6897205693390274,1.1634743796167748,2.8854265069538134,0.8028461874785741
deterministic,12,cv,0.8694537983769082,0.9052665465144489,1.0290047151564377,119.15243745415593
deterministic,12,loocv,0.8694537983832598,0.9052665465178955,1.0290047151615414,119.15242525012508
deterministic,13,silverman,0.8642982301152103,0.7672194400671045,0.9474920340097981,1.1386444134705835
deterministic,13,cv,0.9008746037017203,0.7302470127873258,0.7890901587594941,1.7789695474403633
deterministic,13,loocv,0.9030745615202237,0.7329658997039615,0.7960235906588733,1.7478764405808804
deterministic,14,silverman,1.929548289427227,1.177833093490689,1.2187917109265125,0.9127442778563662
deterministic,14,cv,1.4121305060491371,1.1692729037792113,1.4771118686977032,135.46249308015913
deterministic,14,loocv,1.4384733016255005,1.1787530160968704,1.48719045607887,12.336924353200533
deterministic,15,silverman,0.4099175067523995,0.5762363912104338,0.8006629048248446,1.0396678076078305
deterministic,15,cv,0.2870579715052106,0.5050211824431549,0.7893612683845861,2.422036164199665
deterministic,15,loocv,0.2872988693564577,0.49924565258449627,0.8219463493490609,2.704505777735101
deterministic,16,silverman,3.0808744226325606,1.5154693310409941,2.9935389063315148,1.039762666340521
deterministic,16,cv,1.878286465646556,1.2741254385881353,2.01875889764376,7.219505969676209
deterministic,16,loocv,1.9669560888512774,1.2968749261429076,2.1279984736927244,154.3137023831669
deterministic,17,silverman,1.3796320348912385,0.8553549410458772,1.302871374745226,0.8651255790979263
deterministic,17,cv,0.4154017018133449,0.6002137929675893,0.950155499322201,128.3951674547176
deterministic,17,loocv,0.4154017022883111,0.6002137932189624,0.9501555003687381,128.3955436689267
deterministic,18,silverman,1.3173846152128124,0.953373544542165,1.4655226217662787,1.2079359974494976
deterministic,18,cv,0.8511010608471219,0.6832789026860823,2.249883966863767,179.2728628303573
deterministic,18,loocv,0.8511010608079626,0.6832789026466844,2.2498839668986976,179.27292168559603
deterministic,19,silverman,0.9166683440535679,0.8633864146803863,1.2203114896206337,0.9995666626097387
deterministic,19,cv,0.8966525778214712,0.8289266138268359,1.4338079048410421,2.2520232603140924
deterministic,19,loocv,0.8995995650983425,0.8262928306851249,1.4853757974964876,2.3906009309912926
deterministic,20,silverman,2.075704215530689,1.388578144766097,1.9833685304930748,0.6915987505497729
deterministic,20,cv,2.5542614881489403,1.5030740943347853,2.351322304891235,102.64195216887802
deterministic,20,loocv,2.5542614874814706,1.503074094152879,2.351322304060556,102.64176035665741
deterministic,21,silverman,2.7993517806566084,1.3555476248032383,3.8144164010189847,0.9227217588645449
deterministic,21,cv,2.2510843414257984,1.1878536190109812,2.6574964352163395,12.872227342106301
deterministic,21,loocv,2.1726577542581595,1.1702306312650435,2.56714581245515,9.394474604123824
deterministic,22,silverman,1.241657378090847,1.0598415131104932,1.5624545648522739,0.9941578453990471
deterministic,22,cv,1.1186521878472662,1.0358752682554095,1.176717652073591,147.5453940057751
deterministic,22,loocv,1.1114839711553541,1.032912513829333,1.17415568526439,20.25436504335109
deterministic,23,silverman,0.4292684805636215,0.598467817824867,1.0124139677924724,1.1681136168985267
deterministic,23,cv,1.2844960003311459,0.9899685353023168,1.7113941939150161,6.728960824603513
deterministic,23,loocv,0.47603168436773385,0.6610378139725157,0.9554414764613415,2.031995733678161
deterministic,24,silverman,1.4896119315216128,1.0846943603138677,1.044206341405464,1.5017354337866837
deterministic,24,cv,0.999689913136202,0.9751654973441874,1.3007490037492657,222.8759438875914
deterministic,24,loocv,0.9996899129763237,0.975165497286207,1.300749003586733,222.87580686315715
deterministic,25,silverman,58.857028531722655,4.893483772990238,23.475138874647588,0.5976537209075221
deterministic,25,cv,1.2516771324699412,0.8807736608300009,2.605671709204241,88.69936690508285
deterministic,25,loocv,1.251677129321709,0.8807736603743451,2.6056717006137973,88.69916711438304
deterministic,26,silverman,2.8776648509330887,1.2877155972374306,0.774318531724713,0.7039059289284059
deterministic,26,cv,1.6375203123662865,0.9488126680829798,0.6785631978977023,1.3728917138020795
deterministic,26,loocv,2.9294316923356902,1.305841982624363,0.7897012681291402,0.6628816361061295
deterministic,27,silverman,1.4173592846984617,1.0460963110013195,2.1126632109400627,0.7995765537469338
deterministic,27,cv,0.4245578020809923,0.5269779071662084,1.6999988424608143,3.6130612893391256
deterministic,27,loocv,0.4048044727016441,0.5148840016052741,1.6552850469884182,3.75184498679663
deterministic,28,silverman,91.42628216576698,5.552490776821308,29.891330685490228,0.6769023562336153
deterministic,28,cv,1.4410516347804632,1.1846843060621726,1.439507829045297,100.4606127348016
deterministic,28,loocv,1.4410516340717832,1.1846843057908318,1.4395078285452925,100.46079392323527
deterministic,29,silverman,4.922369988281814,1.579784791231122,2.226023993193011,0.9768096909075354
deterministic,29,cv,1.1777615358642215,1.0237051090518032,1.5471670974844085,144.97056850918102
deterministic,29,loocv,1.1777615347011847,1.0237051086655236,1.5471670964393986,144.97047054196543
deterministic,30,silverman,1.537796658545387,1.0019616708870789,1.081479921320633,1.0889779736861256
deterministic,30,cv,1.3481426994644603,1.1026252313858471,1.6308263223157027,161.6179639943554
deterministic,30,loocv,1.3481426996242347,1.1026252314270844,1.6308263224896413,161.61803441420946
deterministic,31,silverman,9.569084150082906,1.9942240435481438,2.922032170620608,0.8208494873548389
deterministic,31,cv,1.4645222083584708,1.057841489006131,2.4732191560884367,121.82406393578562
deterministic,31,loocv,1.4645222082717824,1.0578414889517378,2.4732191559730334,121.8241057495447
deterministic,32,silverman,2.7404267342406925,1.361281743867278,3.663867834477706,0.8120164797751996
deterministic,32,cv,1.6772160788857122,0.9830890640350183,0.8989978097268498,2.040091733595553
deterministic,32,loocv,1.7680613094438984,1.009404887692886,0.7814707085902182,1.9082447676707417
deterministic,33,silverman,2.3814203204041475,1.2897154594647,1.383814746066038,0.982795002306142
deterministic,33,cv,0.3975495158683341,0.541764830647085,0.7263471176499425,3.56074219244626
deterministic,33,loocv,0.4524444327448112,0.5710609283024792,0.7173939891927017,3.251603321815269
deterministic,34,silverman,1.6056429317640062,1.1682729849097089,1.947408577165288,0.9617638154491709
deterministic,34,cv,1.3964249664469168,1.1448948402852421,1.3787591216056392,4.2192994014615275
deterministic,34,loocv,1.2652478313385314,1.0893156567917706,1.2430885673199459,5.361031744925617
deterministic,35,silverman,1.3665192378467328,0.920083793821099,1.3939172756316003,1.0535172122826078
deterministic,35,cv,1.987340764538779,1.309338293565588,2.119578712608761,156.35508883766667
deterministic,35,loocv,1.9873407644723953,1.3093382935332412,2.1195787122642002,156.35518947736884
deterministic,36,silverman,0.7995059003856924,0.7652424860465176,0.7041669898989382,1.0527070512717844
deterministic,36,cv,1.0343381758784762,0.8708183509070991,1.8499598013204497,0.8683817553179355
deterministic,36,loocv,1.1701701319948765,0.9241060179487995,1.9707135268822151,0.7764834412354658
deterministic,37,silverman,1.277075828807739,1.0772723785977023,1.7145667617408067,0.9732160803211966
deterministic,37,cv,1.0648463713073781,1.0151590477615855,1.2993186552166862,3.0650511070420814
deterministic,37,loocv,1.2674883315864676,1.0923057314493752,1.5075543103879474,12.158454352708034
deterministic,38,silverman,1.6219025013759814,0.9958305882087327,2.7178146243591854,0.9893440267710413
deterministic,38,cv,0.5923975482665882,0.55100385572587,1.943580049136242,146.83089759151696
deterministic,38,loocv,0.5923975482342754,0.5510038557187327,1.943580049053817,146.83092576489497
deterministic,39,silverman,7.430824680460657,2.5146311383916182,4.419796929020368,1.0766225954417574
deterministic,39,cv,9.282038224598029,2.7157611846722607,5.355225533906278,0.37412550086107277
deterministic,39,loocv,9.292505730029733,2.7153377921703306,5.3528699969581,0.3547320156262119
deterministic,40,silverman,10.249814623337087,2.677818516050065,4.531283703877742,0.4790683289748264
deterministic,40,cv,10.261872198110096,2.6852351571447364,4.531137740921431,0.4673993743688439
deterministic,40,loocv,8.205291593336009,2.2776595233059944,5.620736459516117,71.09961941621414
deterministic,41,silverman,3.07781589569,1.6353856832076201,3.1808544185327587,1.0412643034068558
deterministic,41,cv,2.8821025145912103,1.5867925556211873,2.9854337248890834,1.9767348408839716
deterministic,41,loocv,2.869039051695263,1.5841066955372973,2.998136985531093,1.8908875169153818
deterministic,42,silverman,1.0514206079508277,0.9746060751164809,1.3253821442303129,0.703996539339954
deterministic,42,cv,0.8120820815002481,0.8795014107113236,1.0625964156434855,104.48190658843866
deterministic,42,loocv,0.8120820814817279,0.879501410701024,1.0625964156246415,104.48190285827121
deterministic,43,silverman,1.5242887041189586,0.966068393130302,1.1543946967469294,0.8633483651482994
deterministic,43,cv,0.6641367050254223,0.6905679539831927,1.815944606232781,128.1313898212721
deterministic,43,loocv,0.6641367044084647,0.6905679538452139,1.8159446044167056,128.1316312882226
deterministic,44,silverman,1.4870945497544004,1.024001155507598,1.0442854702483184,1.1278053463750375
deterministic,44,cv,1.064631289968875,1.011535216811885,1.2998408262075036,167.38030188519838
deterministic,44,loocv,1.0646312899645285,1.0115352168102258,1.2998408262076757,167.38029551254508
deterministic,45,silverman,1.5526283137135388,1.0569441464266123,1.1395771911425454,0.9796344669604514
deterministic,45,cv,1.4659650233806376,0.9636717960215083,0.9494899127934286,1.5648878028945794
deterministic,45,loocv,1.5243673913344913,1.0240652460988349,1.0657524891525174,1.194488700640388
deterministic,46,silverman,2.3432550339420857,1.1348750692157998,3.185082978698926,0.7601280003418731
deterministic,46,cv,2.063862635378343,1.0886929352708181,2.7309363411832104,112.81250650939504
deterministic,46,loocv,2.063862635622352,1.08869293532695,2.7309363414104015,112.81252460525937
deterministic,47,silverman,9.099820823309486,2.1488803566422106,1.2596783752594423,0.6560322126317837
deterministic,47,cv,1.7571613763317235,1.267663602367004,1.8285684214386106,97.36321149039868
deterministic,47,loocv,1.7571613756046291,1.267663602059855,1.8285684211596642,97.36342342643562
deterministic,48,silverman,185.47499859300197,6.832199970303408,47.10388055733017,0.5767649378802598
deterministic,48,cv,2.8992212725603315,1.4623874795468454,2.9467921545301494,1.5913310517376102
deterministic,48,loocv,3.39820167339487,1.5501536009330332,3.6668944577654385,1.7929396567901756
deterministic,49,silverman,1.0855693978730674,0.9397177692636766,2.2323151063835867,0.9857530971868653
deterministic,49,cv,1.351091012664465,1.113958524936175,2.036729163870704,146.2982251392297
deterministic,49,loocv,1.3510910126230125,1.1139585249181692,2.0367291638170846,146.29812031441276
deterministic,50,silverman,20.352468863501862,2.768238471252003,1.3166696385721555,0.6184569865388359
deterministic,50,cv,0.9349355790811812,0.662512935171211,1.0323003726650324,1.1712252638991896
deterministic,50,loocv,0.42208177138930525,0.5400488141208376,1.1707091259969167,2.9449294504742634
deterministic,51,silverman,2.38997260970986,1.267773332892397,2.8405197094410752,0.9631953109488502
deterministic,51,cv,2.4382120487083676,1.27961380366319,2.83052020283021,0.8966000173963009
deterministic,51,loocv,2.194375491711886,1.2232830094627294,2.9986163501943826,1.35723945096223
deterministic,52,silverman,2.9405966057650463,1.2179407604942845,5.014153884986195,0.8627200430329713
deterministic,52,cv,0.2899320720606166,0.3762574456079272,1.4522078264033524,128.03838178108674
deterministic,52,loocv,0.28993207214395933,0.3762574456213595,1.4522078267570993,128.03843328157333
deterministic,53,silverman,1.0731198341881483,0.833195610434695,1.0176770881226813,1.1401989927338032
deterministic,53,cv,1.2985371844076745,1.040310926933035,1.7423990415425616,169.2195547657535
deterministic,53,loocv,1.2985371845298574,1.0403109269632436,1.742399041718743,169.2195884285595
deterministic,54,silverman,39967.20411311191,71.90180247406356,6.13723662436608,0.48002838986650576
deterministic,54,cv,6.308632518047665,2.016354309184951,4.5713574727934025,71.2421804443661
deterministic,54,loocv,6.308632520451707,2.016354309498805,4.571357474142391,71.24223690980287
deterministic,55,silverman,5.941253817243569,1.7329022339560844,5.995730746861309,1.0819521308263502
deterministic,55,cv,1.631853010319774,1.011763986133225,2.2445955397822943,9.406551898026557
deterministic,55,loocv,1.6887011684690718,1.0294168348031565,2.3300927198480403,160.57494694595917
deterministic,56,silverman,4.134881315836574,1.8561857645183046,1.4623750113058787,0.8486181287581135
deterministic,56,cv,2.9595670180977223,1.678001359245074,2.3129306237411447,4.401574032887163
deterministic,56,loocv,2.743993989240054,1.6228684619287268,2.1089380724021742,125.9454066485555
deterministic,57,silverman,0.6706214286091905,0.643012381088806,0.6614268809269703,1.1786920741292573
deterministic,57,cv,1.4778619936427222,0.9731213996353432,2.158583801086238,174.93255929694033
deterministic,57,loocv,1.4778619934925628,0.9731213995983079,2.1585838009275102,174.9324968100517
deterministic,58,silverman,0.5507662737452012,0.6111145735780543,1.0417294164057873,0.9427608776187565
deterministic,58,cv,0.3167268002750765,0.5177045360436131,0.7885666996184351,2.7530903612161617
deterministic,58,loocv,0.30325190341027264,0.4876874717488069,0.8637767117655735,2.0599376593265784
deterministic,59,silverman,4.460805838740104,1.8193762553322594,3.7099825264668276,0.6386403325781915
deterministic,59,cv,5.167534016558928,1.818598957841464,4.133312487269409,94.78227339180917
deterministic,59,loocv,5.1675340102873655,1.8185989569709704,4.133312482817091,94.78213670414262
deterministic,60,silverman,1.4746755438830246,1.0033787223889732,2.039615931816401,1.1740511939897895
deterministic,60,cv,1.249929331778199,1.0557035918370472,1.5895383189117993,174.24369562019766
deterministic,60,loocv,2.388896422625047,1.2747257313710791,3.82632734740387,0.43063609142610865
deterministic,61,silverman,0.5409765938174581,0.5695870664886045,0.7539934504913244,0.9403957982531237
deterministic,61,cv,0.8399388734311694,0.8435235733508489,1.364388975760727,139.56633443253224
deterministic,61,loocv,0.8399388733531842,0.8435235733227335,1.3643889756770664,139.5663076472369
deterministic,62,silverman,2.256325000533747,1.317992511803774,2.7116403387446533,1.0029325876087924
deterministic,62,cv,1.3145124473493313,1.1024843436344027,1.5657501159307536,148.847458064465
deterministic,62,loocv,1.3145124484183173,1.102484343980227,1.5657501164636736,148.84783002235056
deterministic,63,silverman,0.7483259498403949,0.7240266332670827,1.195644080634569,1.0066507802540945
deterministic,63,cv,5.073264425644876,1.5944472155496185,7.1864551778211325,0.4566528652465472
deterministic,63,loocv,1.030633105786015,0.8260428343777961,1.8919809416062048,3.186510824387504
deterministic,64,silverman,0.703751085940011,0.5843443483644951,1.0068844499504812,0.9497977824556783
deterministic,64,cv,0.4534592413526798,0.45192240470197775,0.8977687724214369,1.1781031973101026
deterministic,64,loocv,0.5111664482496445,0.6877645020702237,0.8748790291431221,140.9619469466149
deterministic,65,silverman,0.6581470301883708,0.6501424317300791,1.316375485533624,0.9793531210390043
deterministic,65,cv,0.7752249120725668,0.7558756268064235,1.6233445438036045,3.456186901944111
deterministic,65,loocv,0.7612723326843367,0.7518311070613977,1.5643720549723616,3.153852984425679
deterministic,66,silverman,1.0450308082766901,0.8930304839935319,1.8530469640951586,1.080962978636867
deterministic,66,cv,0.45326471681086866,0.5736510049286256,1.0824378329907458,1.9601470452278356
deterministic,66,loocv,0.6105932051412912,0.6627249634820225,1.3594322416414584,1.5745087326777456
deterministic,67,silverman,1.5030780977028921,1.1153556123909525,2.355641860239834,1.4032596882644703
deterministic,67,cv,2.150572689060473,1.4407124067475672,2.165404443045127,2.8031571685637573
deterministic,67,loocv,1.4919450626864772,1.0977698257384754,2.37350614886546,1.3644226649022693
deterministic,68,silverman,2.6705906628751825,1.4121481867426344,3.002828380750878,0.8810082254731147
deterministic,68,cv,2.8930340305894706,1.462943662227428,2.896202640323834,130.7524838758571
deterministic,68,loocv,2.8930340305362483,1.462943662214096,2.8962026402588728,130.75247564818957
deterministic,69,silverman,1.192746117130866,0.9733152797993585,1.764687478425452,1.417703957221784
deterministic,69,cv,8.708325592138644,2.0297712806033257,10.745362634416283,0.11881795922862552
deterministic,69,loocv,1.783999412943911,1.2376226428566452,2.2083014161865417,1.0229390491142112
deterministic,70,silverman,3.0112727412908464,1.2704504184701546,4.356684186690915,0.6485401000099701
deterministic,70,cv,0.43460222841190543,0.6279710412024344,0.7978511140959186,96.25123047042723
deterministic,70,loocv,0.4346022285206538,0.6279710414111327,0.7978511150720222,96.25151715552204
deterministic,71,silverman,1.1842022195842978,0.9366224287503278,1.6706149414236589,1.214783395480647
deterministic,71,cv,1.5184147179818865,1.199672330569505,1.5759434822844067,2.7438386693397523
deterministic,71,loocv,1.5343604417796453,1.2065222839448977,1.580388839808131,2.8164538129719565
deterministic,72,silverman,1.6171918729422177,1.1150555282125254,1.2027562475290365,0.8229258771794462
deterministic,72,cv,1.3009936983990829,1.088768691837593,2.028529295485597,122.13245876527131
deterministic,72,loocv,1.3009936982392174,1.0887686917412072,2.0285292954516487,122.13251958488652
deterministic,73,silverman,0.8390049913831283,0.8379648006122168,1.2238716694123375,0.9201613034755134
deterministic,73,cv,0.6546517354236281,0.7223445099915963,1.1745551583254275,2.719726600921567
deterministic,73,loocv,0.6476697440561794,0.7180345524245717,1.193388637254208,2.8116831497433457
deterministic,74,silverman,0.7946240402957585,0.7419007984214975,0.7087219686483694,0.9633951376850535
deterministic,74,cv,0.5421162587538821,0.5399398575563387,0.4624101228068067,2.735872418313543
deterministic,74,loocv,0.20386982040768306,0.341421913153149,0.6265863202471407,4.605416534110247
deterministic,75,silverman,2.5153068145984676,1.3502094101981217,2.2852219341024864,0.7412524518931682
deterministic,75,cv,1.0746426188380216,0.8987495319781336,2.1825737196471295,110.0108728922811
deterministic,75,loocv,1.074642618856638,0.8987495319220975,2.1825737198104185,110.01115729431703
deterministic,76,silverman,0.8381839133155108,0.7233787867806625,2.0693847789639634,0.8890206140557345
deterministic,76,cv,0.661204555724249,0.7812370837263936,0.9772021685810999,3.2077283546760005
deterministic,76,loocv,0.6492434379125683,0.7703353972129889,0.9879057138011214,3.054548553219976
deterministic,77,silverman,0.999730324030932,0.9021673545445361,1.514341834138854,0.9206302708997743
deterministic,77,cv,2.7801070260452025,1.4217369668956181,3.9674720973831987,0.525907474210045
deterministic,77,loocv,1.1510659872361715,1.0401364422490982,1.432762562528158,136.63302961012332
deterministic,78,silverman,3.0865166238627055,1.2921163278015968,1.3923471402609713,0.7320983308508173
deterministic,78,cv,0.5486404880147617,0.7134316134611769,0.8877620533254844,108.65253093400796
deterministic,78,loocv,0.5486404879548467,0.7134316134323908,0.8877620533297277,108.65256330636761
deterministic,79,silverman,0.9630524831339261,0.9061632655914738,1.3364546768716814,0.5661832263177397
deterministic,79,cv,3.371431635906428,1.4190019072289615,3.446811396416648,84.02869933283459
deterministic,79,loocv,3.37143163554395,1.4190019071821585,3.446811396080182,84.02868330235503
deterministic,80,silverman,1.4710115682723037,1.0587492311795297,2.0818963856997135,1.4168640598155062
deterministic,80,cv,0.637345804849248,0.7002417441195399,1.2817699577320087,3.140218433780527
deterministic,80,loocv,0.5507643076937385,0.6874346597121717,1.1585456220354784,4.036826939624438
deterministic,81,silverman,2.0661824979733416,1.1451224632546617,1.3836884174679995,0.6642389148798118
deterministic,81,cv,0.8937719820330055,0.917750636353104,1.254606022808951,98.58123770977477
deterministic,81,loocv,0.8937719816107379,0.9177506361686876,1.2546060224514395,98.58120199570129
deterministic,82,silverman,196.42614440101002,6.5418505286897615,4.588018427719112,0.6481370467747212
deterministic,82,cv,7.2437479720581255,2.3296932859233834,4.607799604359066,96.19157255838908
deterministic,82,loocv,7.24374797621088,2.3296932864396847,4.60779960646966,96.19171232568874
deterministic,83,silverman,5.486780516241349,1.1455056014724696,1.6218208109512884,0.8382939810161447
deterministic,83,cv,0.49104682987789056,0.5745934271158645,1.1441269618685248,124.41335602473652
deterministic,83,loocv,0.4910468295614881,0.5745934270299942,1.1441269644491574,124.41315609653951
deterministic,84,silverman,4.732551703584799,1.66056581409202,2.744384699011456,0.8864134840806408
deterministic,84,cv,0.4131398043141827,0.5441517188410046,1.4884293234456725,131.55495273466659
deterministic,84,loocv,0.4131398043255375,0.5441517188365325,1.4884293235230006,131.55493631364382
deterministic,85,silverman,0.32890436221490355,0.4716948296289899,0.9772757654173281,0.9272168434030114
deterministic,85,cv,0.30674200680375024,0.47948349476864593,0.9057879003805649,1.3910536988959217
deterministic,85,loocv,0.30074980243261473,0.5032186665116549,0.8196228345060421,2.0684227874792334
deterministic,86,silverman,0.47608749528173694,0.5744741612271463,0.912458259091409,1.0797323859902406
deterministic,86,cv,0.6844093062280703,0.6667200205189119,1.7541444871728573,3.698548977446872
deterministic,86,loocv,0.6571969143432299,0.6626668958115545,1.664726614290072,3.286608763461636
deterministic,87,silverman,2.1979484200669255,1.3728828430105333,1.782697558586054,0.8910835048658943
deterministic,87,cv,1.7641299065773222,1.0320986739909208,3.0306328412705446,132.24782831977353
deterministic,87,loocv,1.7641299065487877,1.0320986740121407,3.030632841122755,132.2477947169301
deterministic,88,silverman,2.2043022380154316,1.2539385122895144,4.61514311681262,0.8456905444234238
deterministic,88,cv,1.2650179150245764,1.0880313793928111,1.4903104771117124,6.70690284755906
deterministic,88,loocv,1.1976518601576502,1.0629924443828052,1.4516563257247117,125.51117020284082
deterministic,89,silverman,0.824351795918322,0.7976800623568535,1.7960337731584564,1.109825563953547
deterministic,89,cv,0.7076537468278368,0.8064638266050567,0.9229072532317293,10.86875437380955
deterministic,89,loocv,0.6946517422175098,0.806801993957599,0.9566924100814465,164.7117264785524
deterministic,90,silverman,1.1646350596533224,0.970013462408403,1.8901999824513631,1.2264511081233989
deterministic,90,cv,0.838732812297049,0.8832165069559963,1.2449999315956166,182.02067302725789
deterministic,90,loocv,0.8387328123042261,0.8832165069588716,1.2449999315985971,182.02071304449697
deterministic,91,silverman,0.9135206941730278,0.8036589609421988,1.4299140604677554,1.0684646623794263
deterministic,91,cv,0.4305890274835349,0.5718271283368088,0.8398453207181651,2.077095995125994
deterministic,91,loocv,0.25182562011962667,0.44956794469451805,0.7289536059259589,2.920272865425927
deterministic,92,silverman,1.793208887518788,1.2569967729410316,1.4261738483696131,1.141882245096827
deterministic,92,cv,1.4752338029428893,1.0956904606966773,2.393491298344913,169.46928037888685
deterministic,92,loocv,3.5112006756275727,1.7009580468744578,2.208035736588371,0.18745491332364822
deterministic,93,silverman,2.4422153594071756,1.418318918746999,1.4671526290976888,1.0224352793993152
deterministic,93,cv,1.3009902884977094,0.9418280849910617,2.2006335239518235,4.085776554047521
deterministic,93,loocv,1.3195011079810315,0.9416456493003004,2.265482830138939,4.314268179333046
deterministic,94,silverman,2.5609910478237317,1.3124876046050555,1.0409586013565904,1.270719222512565
deterministic,94,cv,2.49431539358172,1.3110859235243066,1.5813362163086935,0.12394077931424345
deterministic,94,loocv,2.493738129856307,1.3113659394320993,1.5817701745750916,0.12389486789460977
deterministic,95,silverman,15.434917945896958,3.0991670610940645,8.025287017351085,0.6721606473469665
deterministic,95,cv,15.802872892328724,3.1411970655353243,8.21059443276882,0.6130420819475562
deterministic,95,loocv,15.967249050508958,3.160778450329277,8.27823666594188,0.5901903651061052
deterministic,96,silverman,0.8608771112625297,0.8701037449420912,1.2010355098065557,1.024861069299563
deterministic,96,cv,0.8358521867354834,0.85782476800285,1.1717807920603511,1.2183618786888204
deterministic,96,loocv,0.7917005936237179,0.83640299262506,1.1010181587090495,1.4019956637817186
deterministic,97,silverman,0.9463332101098155,0.756396291097551,2.6354575571072276,1.0036733205173747
deterministic,97,cv,0.645676251321477,0.6869071247374148,1.781351964145064,148.95739123432259
deterministic,97,loocv,0.6456762511083076,0.6869071246992909,1.7813519634893276,148.95774832381224
deterministic,98,silverman,0.707285726080804,0.7536872948573343,1.2862302502036986,0.7807323532427128
deterministic,98,cv,2.80289210088131,1.3852126570251184,3.58313754592282,0.18057399948102085
deterministic,98,loocv,2.8175932669068495,1.3891991579100558,3.594166030379323,0.17826860970429165
deterministic,99,silverman,2.8101822597691553,1.5208660213648615,2.6235283110326137,1.0760214187977317
deterministic,99,cv,2.037064370400916,1.228001716873125,2.1531043324874712,5.17928134990603
deterministic,99,loocv,2.2485604243738355,1.2737721193259803,2.3137903402854825,6.257186081642358
deterministic,100,silverman,4.079187478141071,1.7169470313827595,3.854437504470385,1.2002611360947757
deterministic,100,cv,1.8727500605350582,1.3520517191287373,1.6591695615271218,178.1335496834937
deterministic,100,loocv,1.8648339208707205,1.3485034184990883,1.6927908377011776,14.094269185877245
deterministic,101,silverman,1.2830707787954045,0.8352188950054218,0.6003519888384827,0.876489245231534
deterministic,101,cv,0.29944869909055183,0.39095499813369056,1.4553953557574348,130.08198496368482
deterministic,101,loocv,0.2994486990768777,0.39095499814286405,1.4553953555165347,130.0817749688921
deterministic,102,silverman,2.2492799108623416,1.2921989751031784,1.9237965340826104,0.9456594156391686
deterministic,102,cv,1.594994621920195,1.2413401307113914,1.3512242186150565,140.34770301986092
deterministic,102,loocv,1.5949946219197806,1.2413401307112442,1.351224218614957,140.3477013672441
deterministic,103,silverman,5.411342753771798,1.6720390181088898,6.294702716720423,1.2148425258818054
deterministic,103,cv,0.5601374398856875,0.5340793421179397,1.8998504514407653,180.29780350235578
deterministic,103,loocv,5.793982882163742,1.6760254917247561,1.0505008619769047,0.621194647605637
deterministic,104,silverman,53.526704106397624,4.492497450803201,19.56224509938703,0.6598534991081914
deterministic,104,cv,35.065672155353134,3.6713503965245304,16.59916468091816,0.944081500016227
deterministic,104,loocv,36.028164450984974,3.716428007182139,16.828685133977327,0.9290055318525143
deterministic,105,silverman,65.7563614130374,3.820117888205785,1.6541048909256935,0.7880973720979201
deterministic,105,cv,0.45360689519059666,0.6094561366524371,1.432406861856656,116.9635294615362
deterministic,105,loocv,106.19563047360217,5.676159111079247,5.59541323461365,0.2519297215455592
deterministic,106,silverman,5.666196143171394,1.7641665453836188,5.035604771119067,0.8197345476545832
deterministic,106,cv,4.818513778955554,1.7465256410217065,4.913726150280022,1.8726547849043227
deterministic,106,loocv,5.039765154343455,1.7632433009050403,5.0835670424181405,1.6716934529865826
deterministic,107,silverman,3.2579684769559294,1.334134825654924,2.012802175290493,0.8497019357485811
deterministic,107,cv,1.3202567844580009,1.0782818291141516,2.1334274432284754,126.10644288879722
deterministic,107,loocv,1.3202567844371456,1.078281829100845,2.1334274432168776,126.10641943656375
deterministic,108,silverman,0.6368538138338263,0.6624359861309838,0.8821772787275466,1.0374801923507542
deterministic,108,cv,1.0445652031028825,0.8900784866446922,1.6625445710873192,153.97514412713653
deterministic,108,loocv,1.0445652029064252,0.89007848659561,1.6625445708916056,153.97509892926715
deterministic,109,silverman,0.49412357811402796,0.572232026314187,0.9094230681892266,0.9848189416474351
deterministic,109,cv,0.1828567578475157,0.3663934746644278,0.6915100958279599,146.1593646027772
deterministic,109,loocv,0.14997919404125587,0.3374608677276941,0.6486082493730008,8.648442953033438
deterministic,110,silverman,2.071673163028348,1.1903165700466758,3.229850166060069,0.7791624669364979
deterministic,110,cv,0.5783760507763714,0.595160924792779,1.830150281765699,115.63720741828294
deterministic,110,loocv,0.5783760499289051,0.5951609246271213,1.8301502794054483,115.63730658914743
deterministic,111,silverman,1.0548381726434828,0.7963460250021258,0.9585975794353903,0.8138459859856124
deterministic,111,cv,0.48339237007534774,0.6388389521085273,0.7717101946743334,1.9733823486376982
deterministic,111,loocv,0.47032863569341576,0.6300760306928204,0.7629947826483046,2.0923742164448473
deterministic,112,silverman,1.9789657537808159,1.0569763458661412,1.6745108253840766,1.0122285705728364
deterministic,112,cv,1.0704770354259467,0.8785175452753357,1.8241820481725441,150.22749841631787
deterministic,112,loocv,1.0704770354271729,0.8785175452758359,1.824182048166771,150.22750035099259
deterministic,113,silverman,398.28143707214963,12.73475178153551,50.46040336400213,0.599053566457064
deterministic,113,cv,212.95712034622017,8.882806222774933,39.15391711222665,0.9609549058414055
deterministic,113,loocv,204.89075777396263,8.686322559746362,38.626604816476934,0.9786020821573679
deterministic,114,silverman,1.2639832365062866,0.9970709213591191,1.3230199854451152,0.8329853324327043
deterministic,114,cv,0.6220740989831686,0.6845397717632543,0.8652175651188978,2.4829239613103056
deterministic,114,loocv,0.5881187983297829,0.6708765357326342,0.8622495888373349,2.6210335874512682
deterministic,115,silverman,1.1340744677702668,0.8009343683651763,0.9109146668557828,0.8313439231539874
deterministic,115,cv,0.341380939412051,0.5228437592099823,0.6552534671654564,1.5539589778246676
deterministic,115,loocv,0.26841451788841003,0.4839372777775226,0.6033210440660901,1.8456145864486313
deterministic,116,silverman,1.4009240741970421,1.0058033259609265,1.2801128475791819,0.9359458075691867
deterministic,116,cv,0.42442548468155855,0.5382332887074247,1.5354026860235326,138.90598755499605
deterministic,116,loocv,1.4329161737085774,1.003285091540373,2.6092474236674015,1.3904527162387297
deterministic,117,silverman,0.884822969470158,0.7705135799646989,1.185205489335898,1.3301732588508417
deterministic,117,cv,1.441074413163288,0.9475487380327355,1.6481247314012102,1.045685688299818
deterministic,117,loocv,1.4399987111172496,0.9472604613422619,1.6473370692395153,1.0461446260073526
deterministic,118,silverman,1.8511576391105768,1.1154449987050366,1.3733623807770385,0.9204324287923096
deterministic,118,cv,2.189711081128861,1.1724760048622347,2.6681660630443185,136.60353732822608
deterministic,118,loocv,2.1897110818852146,1.172476005043575,2.6681660640664617,136.60375646850372
deterministic,119,silverman,2.8512297523762262,1.298570453782263,1.5036547736515367,0.7748471957497785
deterministic,119,cv,0.4478498856658621,0.6348014800419388,0.859679109783392,11.185609517342828
deterministic,119,loocv,2.9007496870265186,1.3136922842652576,1.5284575717703404,0.7007670261516562
deterministic,120,silverman,28.65327436400421,3.3426143204769723,15.615024031616443,0.6977114290473732
deterministic,120,cv,31.146541990051215,3.500453883279267,15.677159507797676,0.4180917644127461
deterministic,120,loocv,15.723819312717998,2.6599320532881725,11.660398644864435,1.0096969803034712
deterministic,121,silverman,11.211205813572416,2.5938328579552636,6.354706779112562,1.060925855979889
deterministic,121,cv,4.181975933266434,1.765853327817932,3.4888121529081206,157.45462118493947
deterministic,121,loocv,4.181975933492902,1.7658533278363544,3.488812152947502,157.45453936875023
deterministic,122,silverman,2.122455964824045,1.147939400640944,1.320067277036488,0.911696313452357
deterministic,122,cv,2.437815160888888,1.252009225784354,1.415710974838018,0.6857903891284968
deterministic,122,loocv,1.9777809339983603,1.144920086106193,1.2513861517305864,1.3038572050763453
deterministic,123,silverman,31.819696352601326,3.6325010438209504,2.9769410736486637,0.6687830508545265
deterministic,123,cv,31.76412475459632,3.6268570637329347,2.9778194901590047,0.6858398066522481
deterministic,123,loocv,2.0222013641667993,1.1962391590877992,2.86360332356556,5.65557115351527
deterministic,124,silverman,11.165564152332607,2.266934013886621,9.949255569886143,0.8670044643342337
deterministic,124,cv,2.530874658929908,1.3633750384286671,2.7119652578117623,128.67406765492328
deterministic,124,loocv,9.755642992700974,2.294552529765685,7.560534398055166,0.44551504975800194
deterministic,125,silverman,1.312818630413554,0.9553297073483271,0.9200816282932345,0.9098735836645001
deterministic,125,cv,1.6324055120348655,1.081759504352038,2.851380203973493,2.1805624754074215
deterministic,125,loocv,1.550581309498025,1.0711688080298238,2.810328410730776,2.543208639038302
deterministic,126,silverman,12.756825669977014,2.7304479336105305,8.40483989422933,0.599762123302256
deterministic,126,cv,12.541411339674102,2.67080204205173,8.400074302671271,0.5136873724674877
deterministic,126,loocv,13.412737464649863,2.761246939308076,8.843228171424075,1.0964378425326982
deterministic,127,silverman,2.1872480995089094,1.3323410153305564,1.4608523656666317,0.8753125909011885
deterministic,127,cv,2.7124985802547528,1.4499922723336884,2.350705476965205,3.0871965124967184
deterministic,127,loocv,2.665344693783905,1.4402439901047142,2.3196486956474014,2.963564120682205
deterministic,128,silverman,0.7619157417819387,0.7460774462399504,1.0270190092400309,1.0052417188234877
deterministic,128,cv,0.9212858168946214,0.9244872608442029,1.6778735363998758,149.19054473007105
deterministic,128,loocv,0.9212858167781042,0.9244872606753658,1.677873537236099,149.19024245502703
deterministic,129,silverman,1.7946705445258533,1.2662444076183985,2.395386352494266,1.0418888153402959
deterministic,129,cv,1.477874494513213,1.1383628340842353,1.9722802535281292,1.7014716954841425
deterministic,129,loocv,1.6306803834482597,1.192155949396787,2.358715081596519,21.25153135481308
deterministic,130,silverman,1.975510123231681,1.0545060582283625,3.767955308654285,1.042230336017744
deterministic,130,cv,1.4489340836658078,0.962014172449847,2.138193745872788,154.67982214484374
deterministic,130,loocv,1.4489340835338305,0.9620141724171805,2.1381937457227376,154.67980316167237
deterministic,131,silverman,1.0583160425673306,0.976838956622003,1.582329674768368,0.8222156586163537
deterministic,131,cv,0.9575428805307875,0.9561927722489056,1.1082889371402853,122.02720515794223
deterministic,131,loocv,0.9575428803891365,0.9561927721809367,1.1082889370456066,122.02716089658297
deterministic,132,silverman,4.68405699450313,1.425553505724985,6.512108198538314,0.5781048972679723
deterministic,132,cv,0.8336744830411335,0.7697922603869052,1.5212399715951355,85.79798994521683
deterministic,132,loocv,0.8336744827708362,0.7697922602841114,1.521239971162001,85.79800720919273
deterministic,133,silverman,9.44668147814552,1.4542292180619842,12.38834819601828,0.7356057374664589
deterministic,133,cv,0.40508176467135293,0.5066013981270504,0.2875482934669997,109.17292549550382
deterministic,133,loocv,0.43507017472509474,0.5405185480046812,1.215226400967735,4.588285270707205
deterministic,134,silverman,55.64961772969099,4.195774863397734,2.8712539141231788,0.7321793090202489
deterministic,134,cv,1.4724440407478911,1.195013310271331,1.341380443422026,108.66438656473888
deterministic,134,loocv,1.4724440426650798,1.1950133110170382,1.3413804443732416,108.66465426546546
deterministic,135,silverman,1.279894992084062,0.6490980313230257,0.7108011925032609,0.8766713663642262
deterministic,135,cv,0.41508436169912993,0.464190445865742,0.6354543642599211,1.0554891984545827
deterministic,135,loocv,0.18394802110861513,0.3660536579921177,0.3999597556854213,130.1087901451755
deterministic,136,silverman,2.559366271618128,1.3876786542985926,2.8263163612743543,1.140097288138878
deterministic,136,cv,1.8617163747758578,1.1694407266165057,2.4717884397174754,169.20469455304368
deterministic,136,loocv,1.8617163753249568,1.1694407267895182,2.4717884405462436,169.2043563453138
deterministic,137,silverman,0.9588611558448141,0.8937040721662316,1.2306118130914587,1.1548452506875255
deterministic,137,cv,0.40979126933397614,0.5455235024264194,1.0770068541559892,3.8711386041585336
deterministic,137,loocv,0.423572769565153,0.5475866702973868,1.159778324854075,4.081196092180115
deterministic,138,silverman,0.7586725072807632,0.7663604291856431,1.330354172864313,0.9630819799443172
deterministic,138,cv,0.666519597436017,0.7516388150558977,1.1404180152014283,1.929927541637817
deterministic,138,loocv,0.673529906332706,0.746247393985845,1.172001606427072,1.7234908274401373
deterministic,139,silverman,1.384813848458739,0.9616246237836708,0.8393733665406096,0.673607124532825
deterministic,139,cv,0.5790896110050858,0.7284432905423674,1.1147859493993486,3.6098452507703307
deterministic,139,loocv,0.7788030004360424,0.8252033693811726,1.285899499213556,99.97172382433281
deterministic,140,silverman,1.4750250227076962,1.0606314816124005,1.5135306938583395,0.9873676599022903
deterministic,140,cv,2.4430571036880258,1.5411845602957328,1.9302233990535234,146.5374640009437
deterministic,140,loocv,2.4430571040797986,1.5411845603950804,1.9302233993981366,146.53772762678022
deterministic,141,silverman,2.8601900848357014,1.3522881958287554,1.161474240262729,0.6900353470201374
deterministic,141,cv,2.010699978707849,1.1498877651600456,1.1298978688318932,1.066540347561117
deterministic,141,loocv,0.7160016486929717,0.8054188577762179,0.9957696241251728,3.1093931821610177
deterministic,142,silverman,3.3309630068194416,1.6950945626901026,2.4365591893062857,0.7962045929628606
deterministic,142,cv,2.692824187723138,1.5611853696337343,2.401123811271411,4.689980786222937
deterministic,142,loocv,2.6521020241399755,1.5505073333992079,2.360164141396593,5.64646416128864
deterministic,143,silverman,0.9612851590091083,0.9686960285953032,1.2391920931516527,0.9579523903744357
deterministic,143,cv,0.8175142652782404,0.8906384166857493,1.1831760195006107,1.50787508990502
deterministic,143,loocv,0.707565387763978,0.8080637394434231,1.1735907235891487,2.3365296682707997
deterministic,144,silverman,38.791716319305735,2.161159788800537,1.3982339202198748,0.8954771635102567
deterministic,144,cv,98.84593071198658,3.608160607324639,1.504747678815547,0.7711564955814897
deterministic,144,loocv,97.24540615399366,3.552754648323686,1.4985252913739542,0.7778570436224258
deterministic,145,silverman,1.1068093489803241,0.9018317679661434,1.1505057595160255,1.0378236084376997
deterministic,145,cv,0.9532378232297896,0.729002876202037,2.360385528639722,154.02580142595866
deterministic,145,loocv,0.9532378232138162,0.7290028761894287,2.3603855286514452,154.0258142428847
deterministic,146,silverman,1.5687098524888141,1.1113552645324165,1.3001238369503862,1.239840300143017
deterministic,146,cv,0.6704790012781077,0.795457184414662,0.9879374124298679,184.0076726366783
deterministic,146,loocv,0.852128517152827,0.8280401956796734,1.5516832070389446,2.3528996189821236
deterministic,147,silverman,0.66990591547481,0.7581572896594017,1.2189112070485437,0.8647820164224604
deterministic,147,cv,2.1067586394354887,1.121966608537878,2.6493906631130653,128.34457519261565
deterministic,147,loocv,0.9881034679053922,0.8878492112693191,1.5636456660726847,2.5956209410535296
deterministic,148,silverman,0.6338653718001479,0.7264854154377126,1.4721271539827994,1.2110324259676877
deterministic,148,cv,0.7594854811377305,0.7201487071238514,1.9632616916520056,179.73220992500217
deterministic,148,loocv,0.7594854811380516,0.7201487071238662,1.963261691652856,179.73221053178722
deterministic,149,silverman,1.6312091263874264,1.0055602510326656,1.9363132652668427,0.8869385378108746
deterministic,149,cv,1.1408257762358371,0.8493098155060065,1.8549458132998047,0.9740582936385305
deterministic,149,loocv,1.0650520327593644,0.8174320846275792,1.8304835799262804,1.001058074469812
deterministic,150,silverman,1.7997188976748766,1.2206971195748633,1.7970626207895983,0.9213837636145644
deterministic,150,cv,1.7954331109281298,1.1967287703916036,1.928564886669087,2.344327334057571
deterministic,150,loocv,1.9111566664741806,1.2219744303546527,2.0159991931654115,2.83480722894025
deterministic,151,silverman,0.2765449315823223,0.5039602819371328,0.7608242203270259,1.4937437591591727
deterministic,151,cv,0.42056329806100745,0.5962249099241131,1.3289372773279204,11.837989841531368
deterministic,151,loocv,0.42582224903398497,0.5939831988727337,1.3776597913707609,221.69026926785406
deterministic,152,silverman,1.386017086522283,1.0442927011812446,1.387917004782623,1.0010013041923578
deterministic,152,cv,0.8390659723868267,0.8264249590539001,1.8571485860472907,15.07075208828368
deterministic,152,loocv,0.8539050261377478,0.8402685796255761,1.8705978111263608,148.56094558734787
deterministic,153,silverman,5.354336456996008,1.6800933402488913,3.47243119173166,0.7423788049025076
deterministic,153,cv,0.4755401868822461,0.6569474823053746,1.0706298828917364,6.468204491661809
deterministic,153,loocv,0.4669455148751943,0.6506962802495329,1.0636665032830008,6.345525951179368
deterministic,154,silverman,2.8197836781170613,1.330421627754259,1.3716430133195767,0.7353459246985571
deterministic,154,cv,1.343369708313904,1.1247449265086638,1.5410860142973506,109.13444245468581
deterministic,154,loocv,1.3433697089381837,1.1247449267232372,1.5410860147653251,109.13435786754536
deterministic,155,silverman,1.6596049049061865,0.8833745177391455,1.147676043540642,1.1194490573425673
deterministic,155,cv,3.808064944558967,1.3229335942049685,4.609432218989811,0.4508257895356661
deterministic,155,loocv,3.83170333172495,1.3269227841776066,4.649128157004801,0.4468154754078979
deterministic,156,silverman,3.165923374236443,1.4279588283421192,1.135926044422701,0.9109094370768863
deterministic,156,cv,2.7951287025716574,1.286242407763904,0.9953726763504722,1.6031329936452856
deterministic,156,loocv,2.850123815543156,1.299540278189987,1.001612424445916,1.5616836492172748
deterministic,157,silverman,1.4889494969523738,1.0936357345722234,2.0123045682205807,1.0325081593979115
deterministic,157,cv,0.5277649655151981,0.6833402071263192,1.4064022237948266,153.2368955219079
deterministic,157,loocv,7.870352091141594,1.9621999273292334,8.886022156326773,0.4456841890613491
deterministic,158,silverman,3.297497913114248,1.4184757813859783,1.2641495707324273,0.7996349173907339
deterministic,158,cv,1.9343920101427765,1.0522826137321866,0.905629654905356,2.278868989280072
deterministic,158,loocv,2.8611744995411432,1.256968588360668,0.9849518419902941,1.6919757731975467
deterministic,159,silverman,2.9575235300587455,1.4339463886794492,3.1258498327330475,1.1962769416651664
deterministic,159,cv,1.9673627906382147,1.1777911150445495,2.290815673185952,4.610728314954972
deterministic,159,loocv,2.172013054624575,1.2178171467022216,2.4827156139012896,7.40244064851814
deterministic,160,silverman,1.047680755028532,0.8269259096913741,1.1922742350299909,0.7397415944768339
deterministic,160,cv,0.4282933299057261,0.6052552839820987,1.006653543221419,3.434913872549423
deterministic,160,loocv,0.3505529041051516,0.5397288466719068,0.8805289225225499,3.0742673576871713
deterministic,161,silverman,952.5772133545586,18.290765960046993,85.134080637535,0.47897753235791035
deterministic,161,cv,1762.5119179758865,25.60429941650095,108.2028680054869,0.3548208210431792
deterministic,161,loocv,1429.835801340858,22.792632117234078,100.46084962329316,0.4011017744581416
deterministic,162,silverman,2.3521946019135256,1.1655835984753753,3.323078606932865,0.7482749232295153
deterministic,162,cv,5.641605813442985,1.555872584812008,6.178724402684033,1.4384839697326313
deterministic,162,loocv,5.6945420637762005,1.5721130806030088,6.099340399837693,1.3721133424022327
deterministic,163,silverman,1.1345827168531322,0.9028174943388174,1.5999280005436898,0.9310147884329318
deterministic,163,cv,2.7593664202779826,1.3324071043825918,2.873075577247973,6.8355478907192175
deterministic,163,loocv,3.1194027833234435,1.3971377171984423,3.149755999672444,9.52483388821005
deterministic,164,silverman,0.41983707386774327,0.40569298850491375,0.29109373699363283,0.660762611719547
deterministic,164,cv,0.21741525677533488,0.34870633507518367,0.805090969098472,98.06535446915242
deterministic,164,loocv,0.2174152569542676,0.3487063352209834,0.8050909693320296,98.06545438370647
deterministic,165,silverman,1.6621285749230617,1.0272391851597449,2.8294821350211685,0.770066599686246
deterministic,165,cv,1.6369711104439073,1.1360230990135647,2.068010974900095,114.28744004883545
deterministic,165,loocv,1.63697111024471,1.1360230989585645,2.06801097464872,114.2875066994147
deterministic,166,silverman,4.4898035395055835,1.302278536121263,1.3334154811204777,0.665883829245544
deterministic,166,cv,0.9537977147646794,0.9425563313690505,1.689785476830231,98.82527852894727
deterministic,166,loocv,0.953797714689954,0.9425563313285019,1.689785476767577,98.82543834501911
deterministic,167,silverman,0.5931850647049517,0.690521558111382,1.066625266017888,0.6106111633715989
deterministic,167,cv,0.921257106323965,0.9364501136338422,1.0832642107983197,90.62234354318281
deterministic,167,loocv,0.9212571063720383,0.9364501136596948,1.0832642108420187,90.62235736440219
deterministic,168,silverman,0.5505252470408664,0.6645551934994961,0.9717303679286773,1.2082816382926167
deterministic,168,cv,0.6284578041421293,0.7602271803596933,0.881921932185441,179.32403691449446
deterministic,168,loocv,0.6284578041912723,0.7602271803925567,0.8819219322440435,179.32419435284842
deterministic,169,silverman,3.287579562847167,1.4000907979095132,6.253772819980986,0.8838184390201099
deterministic,169,cv,2.6476947031519873,1.357138194172527,3.721003685104996,3.3698652514735934
deterministic,169,loocv,2.6336721828251703,1.3677818605308365,3.5853161694697104,3.921723507590938
deterministic,170,silverman,5.388621407033598,2.089379447912699,4.109156915560203,0.7859835476925217
deterministic,170,cv,2.9771616333699273,1.3687433514118097,3.853099062164037,116.64977147312693
deterministic,170,loocv,2.977161635101582,1.3687433516566314,3.8530990645559147,116.64987085028473
deterministic,171,silverman,141.0903526625111,6.93672023747385,34.030025089985756,0.6730052425380088
deterministic,171,cv,169.18809239871027,7.609934308019121,35.86978851019096,0.5677280154777758
deterministic,171,loocv,165.0567465151477,7.506546376235858,35.694042029647996,0.585709559627159
deterministic,172,silverman,0.40166598203812254,0.5403430928867688,1.1082557366534695,1.1127466108389605
deterministic,172,cv,0.43907100367505547,0.6205612612122948,0.8934768685683605,2.244012857581163
deterministic,172,loocv,0.42511059603336526,0.6149180136250744,0.8615979025015839,2.54024653290271
deterministic,173,silverman,4.196218883763024,1.6907315331906165,4.203071658844282,1.1966283530384871
deterministic,173,cv,1.8012730840212932,1.2745682354052748,1.890992357569429,177.5946845698502
deterministic,173,loocv,1.8012730840347686,1.2745682354085663,1.8909923575859349,177.5946722652302
deterministic,174,silverman,1.2409824043135802,0.8700326176542801,2.3914730280896044,0.9802112367225151
deterministic,174,cv,0.22870573079672762,0.4253262984568428,0.8066393910712555,2.4718025653318025
deterministic,174,loocv,0.46345558002599274,0.5673207928450406,1.1154878148676697,12.93215240989407
deterministic,175,silverman,1.4176318889356978,1.0180865194332693,1.3355924273951354,1.1059040588480267
deterministic,175,cv,1.4288209136729968,1.1238967557830073,1.714326982432983,164.12999413883978
deterministic,175,loocv,1.4288209134400038,1.1238967557300845,1.7143269821628708,164.1299059954353
deterministic,176,silverman,1.5191809486402996,1.0119603238177857,1.20037679112379,0.8800463344927786
deterministic,176,cv,1.259224900006001,0.8908873364459439,1.0016525498976017,1.5474457544147198
deterministic,176,loocv,1.020692340690356,0.8110895996954118,0.9394656458539352,1.9728451200108574
deterministic,177,silverman,2.266472036886655,1.0999812645308724,4.752038293129104,0.960327188325051
deterministic,177,cv,48.198323763153184,3.9960298088734962,26.880772279357938,0.30687393301666116
deterministic,177,loocv,0.7648697550589937,0.6441681277352482,2.1544631890633985,142.5246402716633
deterministic,178,silverman,3.5146013910200415,1.758030450073105,2.706566444905623,0.7892164665224123
deterministic,178,cv,2.925797665254777,1.58287735576751,2.6973074033140434,2.8742659316923618
deterministic,178,loocv,2.5957044840121037,1.4922677613045638,2.5536088230696574,4.550249377314266
deterministic,179,silverman,5.052413578685186,1.8712265844898186,2.4290470097261054,0.7493152217251071
deterministic,179,cv,3.7587851207194016,1.5848612541608307,3.352353703597637,5.699465018435521
deterministic,179,loocv,4.762222841630363,1.7395762469121883,3.9739473427943794,111.20751401718526
deterministic,180,silverman,1.3214287074944693,1.0179666923532948,2.0025826221491494,0.6918351073746604
deterministic,180,cv,3.674886143834447,1.6505090300681229,3.646872228069245,0.09096103817649819
deterministic,180,loocv,1.2487280851789484,1.0697835793992811,1.5438282862896948,102.6767510141753
deterministic,181,silverman,1.9482812969595966,1.3030233288199045,1.6379691948892232,0.945399430079881
deterministic,181,cv,1.508642384368423,1.1861747992458134,2.0808742821638226,140.30912521341529
deterministic,181,loocv,1.5086423843717396,1.186174799247358,2.0808742821662274,140.30911810679223
deterministic,182,silverman,0.3532586238445483,0.5293568797974113,0.922770588311659,1.0610329904837332
deterministic,182,cv,0.551283237101353,0.7162397705695245,0.9794370787675553,157.47057084359832
deterministic,182,loocv,0.5512832371023088,0.716239770570114,0.979437078768971,157.47057516442337
deterministic,183,silverman,0.22477765541672456,0.37767313389063867,0.8941356273006205,1.1018030314159677
deterministic,183,cv,0.1637802107021364,0.3667740960623062,0.5866311632469139,3.0315607441266983
deterministic,183,loocv,0.18424655395627354,0.38632389790740645,0.7320464105745841,4.725576925286744
deterministic,184,silverman,0.6895684230157212,0.7600085923232205,1.014294188644509,0.5479922729976984
deterministic,184,cv,0.6485022856078164,0.7064385895604932,1.7410389952112564,81.32896892747557
deterministic,184,loocv,0.6485022854868489,0.706438589376638,1.741038995266515,81.32886580925039
deterministic,185,silverman,0.479542916332387,0.6485861003210658,1.014251506946052,0.8992216858866073
deterministic,185,cv,0.46982632432686605,0.6151952621498334,1.1544001026853186,2.6642487115647437
deterministic,185,loocv,0.4683682143028923,0.6163290815166036,1.124051451490606,2.530053098542558
deterministic,186,silverman,20.970763800041563,3.1736141262630495,12.215587239998328,0.9839580717907823
deterministic,186,cv,6.038952450854,2.098384944382323,4.2564550718219065,146.03165991074712
deterministic,186,loocv,6.038952449712122,2.0983849442344216,4.256455071158735,146.03174562677708
deterministic,187,silverman,6.112263779010893,1.607215093555538,9.07873949527602,0.821314874547888
deterministic,187,cv,4.090264380436061,1.6499633670176292,4.833727874275745,2.3788305934706226
deterministic,187,loocv,4.079707276996567,1.6511007820665018,4.809001727021835,2.4215376259169408
deterministic,188,silverman,0.8480694809617297,0.8330156370222307,1.317230080321893,1.1546996017700522
deterministic,188,cv,0.5648849778796015,0.6501277240615804,1.4005881995119476,3.552185954678835
deterministic,188,loocv,0.5735424062252767,0.6569856964076826,1.3867483448073592,3.3722418456714958
deterministic,189,silverman,3.5890985125521526,1.5825771671477746,2.0027460725061426,1.261488783733728
deterministic,189,cv,4.491819792495768,1.7830802358496678,3.0903666075372436,0.5874205865080546
deterministic,189,loocv,4.552624398870652,1.8015042054452113,3.16214388568032,0.54025524660772
deterministic,190,silverman,1.0634110549553726,0.7952544690766962,1.035973911736736,1.088523682130986
deterministic,190,cv,1.1207825704772016,0.8678415537490308,2.3993855839814233,0.7553919334415425
deterministic,190,loocv,1.1209279448593399,0.8680042294056857,2.399395852386302,0.7549274722882129
deterministic,191,silverman,2.059023574737945,1.14052536791604,2.7488837865804623,0.681569161625159
deterministic,191,cv,1.8180755383531626,1.056883926521962,2.435934134564792,32.6611620036559
deterministic,191,loocv,1.8220775548088612,1.05770762651261,2.4396509583678005,101.15339876559821
deterministic,192,silverman,15.858833536194789,2.1326566693017774,13.81366379913305,0.8098037529563172
deterministic,192,cv,1.0236019949605208,0.9012632003021819,1.5930669890922127,120.18498224624173
deterministic,192,loocv,1.023601993986421,0.9012631999688692,1.593066987637143,120.18483372962756
deterministic,193,silverman,1.4906629597954901,1.0238595681924403,2.0476761775389196,1.0659022537437604
deterministic,193,cv,4.0889682521074455,1.7228367450152366,3.4968531703464825,0.37352530572931647
deterministic,193,loocv,2.317993936660689,1.427329090197679,2.2509473857684643,158.19296547148113
deterministic,194,silverman,6.949089847697526,2.316948158969134,4.324926709944512,0.7908400180154465
deterministic,194,cv,6.366552892869709,2.2213687544489424,4.298836924683632,5.3277115957747
deterministic,194,loocv,6.14927433145572,2.1878619301739133,4.150109975342424,117.37043890458713
deterministic,195,silverman,1326.1117520696735,14.974172824685684,183.92391732104775,0.6102288159143973
deterministic,195,cv,1.778693114363632,1.1406698296778421,2.396005371106391,90.56557975358713
deterministic,195,loocv,1.7923057826927873,1.1452640901242774,2.417136024894593,28.294057685197938
deterministic,196,silverman,3.854208867606999,1.410296410585284,4.93559554217037,0.6905429115579498
deterministic,196,cv,3.5788145541311023,1.2374078710181402,0.5593310202514998,1.4395379736294451
deterministic,196,loocv,3.825552083230947,1.3144205817156158,0.6057505854683451,1.211260161672392
deterministic,197,silverman,0.95005321506813,0.7891991699591605,0.9136069713383534,0.702718440149202
deterministic,197,cv,0.25457613813227203,0.4620879042842693,0.6265258120561499,104.29205206477803
deterministic,197,loocv,0.25457613839972454,0.4620879045165024,0.626525812326622,104.29217747743569
deterministic,198,silverman,0.7579203535907381,0.7555392734893164,1.4682586746075432,1.2747098023428933
deterministic,198,cv,0.5367492958443584,0.6214587930482149,1.529775005674827,6.084690464287104
deterministic,198,loocv,0.5415883504904885,0.634213074023813,1.4609447283059427,4.997269490147223
deterministic,199,silverman,0.7547404235483681,0.7194088059745809,0.7216524092834267,1.1630571781570587
deterministic,199,cv,0.5279520890650068,0.5060171464431618,0.48422090699765197,3.3846939927251523
deterministic,199,loocv,0.5294121661595668,0.5069211917070032,0.4855438323971808,3.348612958358487
deterministic,200,silverman,0.8686094363373205,0.8104062258337305,1.1208020356264647,1.0497770959759918
deterministic,200,cv,0.7619477158189338,0.8198845721654183,1.1241130993900865,1.6534123411074848
deterministic,200,loocv,0.8035710453887213,0.6712823843211524,2.1849465590577593,155.79999063840395
deterministic,201,silverman,0.8661662735143874,0.83606672228589,0.8779741052535102,1.3783566576822102
deterministic,201,cv,0.5696631804157269,0.6511328783291478,1.2101150065870045,3.2788593198780167
deterministic,201,loocv,0.5624511383961626,0.6558655889488482,1.1494235128441763,3.060996834861237
deterministic,202,silverman,0.5794161702242857,0.6874801834059622,0.936784992019589,1.0297644006625788
deterministic,202,cv,0.48714677860765204,0.6624849009769802,0.7925223324830561,152.82954673409506
deterministic,202,loocv,0.48714677879384016,0.6624849013126732,0.7925223337073435,152.83004920023689
deterministic,203,silverman,1.5150551530737872,1.176484107260261,1.575980256404277,1.0548642560589805
deterministic,203,cv,1.4150798784538474,1.1674255023992508,1.5065961215972006,156.55484745253423
deterministic,203,loocv,1.3799349818930473,1.1115404711240915,1.9827610703920144,2.6220392200023652
deterministic,204,silverman,8.311364244633147,1.6319185163955896,1.1693261035555271,0.9609438800145734
deterministic,204,cv,0.514626018402827,0.6528533401454734,1.327184992850686,5.678131535248183
deterministic,204,loocv,0.4988955148111872,0.6375622053589826,1.3070056536779429,5.1740197963200725
deterministic,205,silverman,0.9698327038810182,0.8279507555842641,2.5969792381106784,1.3469297002855753
deterministic,205,cv,0.8333345787264137,0.8866279576408143,1.0207994806870102,199.90096791340127
deterministic,205,loocv,0.8333345785981946,0.8866279576220866,1.0207994809628922,199.90113882231657
deterministic,206,silverman,2.8767230126280583,1.3911542764718783,1.391976213127978,0.915171854699099
deterministic,206,cv,0.8979452311765058,0.7710742707605935,0.822444062220133,2.753819256815995
deterministic,206,loocv,0.90722858618192,0.7748732045175566,0.823628502683442,2.7190559402668497
deterministic,207,silverman,5.687029197634713,1.7176381992240288,1.6285351425330095,0.7712533228627252
deterministic,207,cv,4.328629013037138,1.5874964784214773,5.468486984319787,1.747879320139018
deterministic,207,loocv,4.09762159965115,1.553974902958312,5.297303935560926,1.9100944808875333
deterministic,208,silverman,13.066574351661897,2.0288536739147878,2.835249471962813,0.811106058020921
deterministic,208,cv,1.0084798625907228,0.7568483634145913,2.4088545239935053,120.37829643161552
deterministic,208,loocv,1.008479862470092,0.7568483633678631,2.4088545238970673,120.37813092702136
deterministic,209,silverman,0.7378252100428835,0.7514366862955949,1.3578306613336983,0.9959309697220966
deterministic,209,cv,0.6348975900980155,0.7009373435453281,1.153607825710663,1.1009098789334777
deterministic,209,loocv,0.8962948984114345,0.9163608785834458,1.61478264962671,147.8083080572701
deterministic,210,silverman,2.0105335447312447,1.3708434972320025,1.7088675425304465,0.871625363076543
deterministic,210,cv,3.017855900151906,1.5956354244353785,2.7058896063904174,129.36003609784797
deterministic,210,loocv,3.0178559001354452,1.5956354244428348,2.7058896064833955,129.3600936256699
deterministic,211,silverman,0.5136058857349022,0.5863610134418926,0.5981211108932918,1.3170070005255696
deterministic,211,cv,0.7016028798527094,0.8080089469043076,1.1332870100830446,195.460300562465
deterministic,211,loocv,0.456044809776441,0.5024147131182506,1.558633280726068,2.681432681358432
deterministic,212,silverman,0.6735100350948015,0.6861710783448256,0.9395301516344616,0.8930462494128287
deterministic,212,cv,2.7094660464304248,1.3727828232652663,2.8785785872370266,132.53901305727683
deterministic,212,loocv,2.709466046513226,1.3727828232705475,2.8785785872650216,132.53902529086807
deterministic,213,silverman,2.365610142096175,1.3094943171814195,2.702867714842542,0.7105016353717124
deterministic,213,cv,9.508543574160903,2.032217492258814,8.357780971269701,0.292339217265621
deterministic,213,loocv,0.44501242088407533,0.5667352524473901,1.2991904509151002,5.671513741967887
deterministic,214,silverman,0.7094040700940918,0.7288701483700162,2.140530456596271,0.9264283017174231
deterministic,214,cv,0.31543720219889476,0.5279341309103197,0.7362299457442805,137.49322524563007
deterministic,214,loocv,0.3154372021368267,0.5279341309676678,0.7362299464248863,137.49358239191326
deterministic,215,silverman,1.2587618398907447,1.0383962010543109,1.5833366228202732,1.1365991924394117
deterministic,215,cv,0.8995480120167301,0.9364161499478334,1.1377195816521877,4.773957342459973
deterministic,215,loocv,0.9132085214611022,0.9444950006068665,1.1477884240122618,4.966759152054311
deterministic,216,silverman,3.7871885714198097,1.5466782647953077,2.1687059449262645,1.0894136936982706
deterministic,216,cv,0.16925860259942188,0.3742535387097635,0.5799408580230978,5.717515063737075
deterministic,216,loocv,0.15270114448455144,0.363869325801219,0.6162773073011263,6.300749598246257
deterministic,217,silverman,1.0834840092853075,0.9403413558008566,1.3573622212727732,0.7953877297018793
deterministic,217,cv,1.2400054099699334,0.9115285667899614,2.148401377282241,3.036606804303873
deterministic,217,loocv,1.2400213029645841,0.9119883533217973,2.1444805911410274,3.021422060034713
deterministic,218,silverman,12.250105079871894,2.247296507944165,10.762421843351463,1.099547459155345
deterministic,218,cv,0.9915056889748146,0.9619958958712838,1.4260895657906296,5.5396068310837085
deterministic,218,loocv,0.9421286271616134,0.9557414167067,1.2829587277422685,8.876866727207865
deterministic,219,silverman,5.286746053137118,1.5510773582932107,0.9557601249480048,0.6765379076559808
deterministic,219,cv,1.6939349679133238,1.1319329705794985,2.162168198515243,100.40644522110352
deterministic,219,loocv,1.6939349659773817,1.1319329699400833,2.1621681958947847,100.40668081329828
deterministic,220,silverman,0.3660786130423377,0.5801339432834076,0.7305175206526882,0.9928666607963027
deterministic,220,cv,0.2199682136548617,0.4331205389520056,0.6132297981983614,2.5795953498556505
deterministic,220,loocv,0.20316777362215133,0.4208252369037875,0.5991007274724385,2.856096271779433
deterministic,221,silverman,3.9674651292630667,1.4742202575233057,3.9961311153406944,0.8312939836403329
deterministic,221,cv,4.720333775182208,1.56121831984265,4.339227120158468,0.5760497818284348
deterministic,221,loocv,5.277063049828663,1.622219713595236,4.786277053577877,0.4872559438965817
deterministic,222,silverman,2.4359117052472765,1.3133591091830288,2.771795290086186,0.90231356295303
deterministic,222,cv,2.688931108688422,1.392797227472604,2.938280641901733,0.761801753095705
deterministic,222,loocv,3.811742812870591,1.7012129100907853,3.625118461352491,0.34907854309674186
deterministic,223,silverman,0.8890126785245357,0.8141194606632295,1.1399097778685336,0.6923113847600342
deterministic,223,cv,0.6386420246477971,0.7121107742177083,1.6986923715433313,102.74776819520102
deterministic,223,loocv,0.6386420246683294,0.7121107742127427,1.698692371638847,102.74773858860965
deterministic,224,silverman,1.6481360728112768,0.8979559907906318,0.9469845229887515,0.8780665798662638
deterministic,224,cv,0.3940173087831228,0.5171186028758231,0.6431615519469311,3.103557969426358
deterministic,224,loocv,0.39268162884051583,0.5165472772851577,0.6435149615578295,3.110446319547737
deterministic,225,silverman,2.5499536528190827,1.5318980723706779,2.3823433092125326,1.2182288258572258
deterministic,225,cv,1.8177108255143755,1.3315402046532028,1.6384801328932244,180.79999444947455
deterministic,225,loocv,1.8177108256577519,1.3315402046963236,1.638480132840518,180.80045789639803
deterministic,226,silverman,1.525407081221322,0.9143852687568933,2.9016630409202757,0.8362380230064104
deterministic,226,cv,0.6209769838207548,0.7363864449316331,1.1537260821037423,124.10819069411755
deterministic,226,loocv,0.6209769838211153,0.7363864449337916,1.1537260820910533,124.1081722415856
deterministic,227,silverman,17.12282265679288,1.7970706957038032,0.93772461467305,0.8040496005911774
deterministic,227,cv,0.3682654186923386,0.4279040733922268,1.603359895034898,119.3308945448815
deterministic,227,loocv,0.36826541869216806,0.42790407341639436,1.6033598949212786,119.33099147409288
deterministic,228,silverman,1.5448458445309172,1.0689595148577327,2.2653893488203516,0.7102393992251711
deterministic,228,cv,1.374435227795442,0.9141770187222099,2.731935587931793,105.40829842208299
deterministic,228,loocv,1.3744352273617293,0.9141770185219189,2.7319355875799993,105.40834887834875
deterministic,229,silverman,15.365785748792735,3.00700117304795,9.192659302258063,0.6921739200299418
deterministic,229,cv,8.98028965956178,2.492712796188723,6.208463712503323,1.7127940748608064
deterministic,229,loocv,8.455488036990072,2.434508434705587,5.952512150932879,1.8669618299600654
deterministic,230,silverman,3.0315824218110206,1.3249205355462004,1.45042454111584,0.7781430454117904
deterministic,230,cv,1.0652474966493308,0.8976642500981897,1.4720269098073855,2.081994836796556
deterministic,230,loocv,1.1703973836212218,0.9384752070084375,1.3625737673927785,1.7983856533981044
deterministic,231,silverman,2.40173584026436,1.0443903438115043,0.8072001016027535,1.0017585304406813
deterministic,231,cv,0.36092823520919,0.5312028911458989,1.3398983589883064,148.67329712049033
deterministic,231,loocv,0.36092823521914835,0.5312028911489568,1.339898359036055,148.6733139356066
deterministic,232,silverman,1.2830249812940322,0.9555664399286764,2.1473722884554256,0.9864811420270434
deterministic,232,cv,1.3819922598104437,0.98732607109162,2.28618658326707,0.8842366160550187
deterministic,232,loocv,1.087329990343129,0.8885971935480822,1.8599513927692994,1.1967365362117233
deterministic,233,silverman,22.09558472038031,3.297092260940647,11.431711589924731,0.6329586409315878
deterministic,233,cv,22.112306810614417,3.2964118516587773,11.442354018023519,0.6415458579135225
deterministic,233,loocv,22.047186070341475,3.2982287766012486,11.403497564419123,0.6118441018688265
deterministic,234,silverman,8.500815343423833,1.5799258998996888,1.3033238991470029,0.7642402954219978
deterministic,234,cv,1.2239212537716462,1.0168514135312159,2.147411173902181,113.42277812183404
deterministic,234,loocv,1.2239212523964482,1.016851412638101,2.1474111726819247,113.42259384727768
deterministic,235,silverman,0.7041304098253729,0.7501872611761926,1.657399049520531,0.7798064749824941
deterministic,235,cv,0.5700603063645608,0.6919712367820489,1.138369967595678,115.73279521090741
deterministic,235,loocv,0.57006030614403,0.691971236674222,1.138369967280498,115.73314543548248
deterministic,236,silverman,1.247213784913938,1.093132400739171,1.4106196240413964,1.1037383821045545
deterministic,236,cv,0.854718865180147,0.8170709769876839,1.7420004253179298,3.759764051207606
deterministic,236,loocv,0.858202844231375,0.8076743101187246,1.7964464541564809,4.212065382254068
deterministic,237,silverman,2.792410314181608,1.5694906496721555,2.035620640388105,1.0063454873951427
deterministic,237,cv,1.7264804361588588,1.2479358994349252,2.3312766532313436,149.35404246384186
deterministic,237,loocv,1.7264804361686479,1.2479358994428311,2.3312766532199602,149.35402321486117
deterministic,238,silverman,4.3077743496780405,1.6982208538600057,4.375543953239154,1.0555089292944841
deterministic,238,cv,0.7047518726740937,0.6347387807641769,2.0645276324450235,156.6505885051682
deterministic,238,loocv,0.7047518718759412,0.6347387803271394,2.06452763108474,156.65072056739334
deterministic,239,silverman,1.3391291349489665,0.8588065699413135,1.0026400468395344,0.9717666363575941
deterministic,239,cv,0.5457328064272327,0.7116405545537997,0.8884692557054645,144.22221432306998
deterministic,239,loocv,0.5457328062735286,0.7116405544440583,0.8884692554688178,144.2221094538332
deterministic,240,silverman,0.5084072209275887,0.6403507646928263,1.1811748960898825,0.7064403091134922
deterministic,240,cv,0.4433036299876042,0.5689652950082787,1.3248900092674236,3.5428436877968785
deterministic,240,loocv,0.5840138655359023,0.7063707503741152,1.5405266065707868,104.84442440173773
deterministic,241,silverman,4.586654603577927,1.8158920092857371,1.3615709227684905,0.9254427413027047
deterministic,241,cv,46.67208382865446,3.454064966691048,33.0741954744625,0.37343515534458616
deterministic,241,loocv,4.4862297224220615,1.7885659622024468,3.6931913272645427,137.3473625126325
deterministic,242,silverman,2.24338046364836,1.1868169735887655,0.8681526936280282,0.7739678251257752
deterministic,242,cv,1.6241988398916123,1.093973506165601,2.328008418174204,114.86630555466162
deterministic,242,loocv,1.6241988395830433,1.0939735060651623,2.3280084173340003,114.86648303068655
deterministic,243,silverman,0.7247515191736353,0.7951011427636142,1.1629363145206277,0.9212064395485693
deterministic,243,cv,0.40537509028143964,0.581333163628118,0.8946975916342286,2.606462330023571
deterministic,243,loocv,0.4103813726700825,0.5915231515701801,0.8733489051227763,2.923863989161254
deterministic,244,silverman,1.1120853669334894,1.0117233076611774,1.6190101685060652,1.0642122860303005
deterministic,244,cv,0.908224973097495,0.9335527439542789,1.1416353020163683,157.94221553531105
deterministic,244,loocv,0.9082249731371796,0.933552743966334,1.141635301984236,157.94235638179535
deterministic,245,silverman,2.2137012328902714,1.2165848502708676,1.8702557525448533,0.9317435265714957
deterministic,245,cv,0.304541190569686,0.5054155638212898,0.6321814710910076,138.2824728914235
deterministic,245,loocv,0.3045411905724131,0.5054155638236904,0.6321814710941633,138.2824745021541
deterministic,246,silverman,2.8153102990634062,1.2839956895324414,3.613714992193726,0.8785811273009025
deterministic,246,cv,7.803419704147222,2.0875363254304924,8.04192124062317,0.28525398532282886
deterministic,246,loocv,8.196780223684632,2.0948675740526,8.78429381283187,0.2141530236970725
deterministic,247,silverman,1.7513622500685764,1.1025822338281208,2.07146468457581,0.7331147718703392
deterministic,247,cv,0.698988780521032,0.760124518971897,1.26735737440419,108.8033010163212
deterministic,247,loocv,0.9497207163833323,0.8713073157300746,1.6363748998866716,3.903372352766327
deterministic,248,silverman,4.02028488198832,1.7933774603570771,3.2104559367869445,0.8283588909097347
deterministic,248,cv,2.859822592500294,1.6065438574988335,2.426725310487415,122.93881881116788
deterministic,248,loocv,2.8598225921065588,1.6065438573641346,2.426725309904533,122.93863220085905
deterministic,249,silverman,1.2461563012374723,1.0530333688918663,1.3592454530745577,0.7957608236315964
deterministic,249,cv,1.1271970846166637,0.9530349320023328,1.801935421413184,2.585446635512486
deterministic,249,loocv,1.1271206274982288,0.9530596653058344,1.8015163437682293,2.583365598837776
deterministic,250,silverman,6.727965024079099,2.1038187137240705,4.594999347703633,1.1166531107852014
deterministic,250,cv,0.971308646499285,0.8619181148938665,1.4322463568693258,5.418546006238925
deterministic,250,loocv,1.8551342698008058,1.2661174492584069,1.69524417031377,2.4775064659088253
deterministic,251,silverman,1.771222062136365,1.0324567612545503,3.6332713249131543,0.8240128124517355
deterministic,251,cv,0.190487856926612,0.3538085609693144,0.47610407368505925,3.1553491842590224
deterministic,251,loocv,0.20673652213832883,0.36068949099595937,0.48395991289027585,3.0180994772877274
deterministic,252,silverman,0.6092290431396598,0.6161268758083972,1.7103346189007496,0.9592454498118772
deterministic,252,cv,37.421717941962015,3.366238248110282,19.41955847941878,0.29466152508216337
deterministic,252,loocv,0.4395485377150446,0.5989807283946834,1.1899561486927295,6.500549359443931
deterministic,253,silverman,0.34913210859021193,0.504396910704259,0.9545987080408154,0.9574611203371799
deterministic,253,cv,0.3391306105157388,0.4954056622676063,0.8628331560171612,2.3559682466518077
deterministic,253,loocv,0.3394454876242668,0.49560995569134425,0.8632133678992149,2.3516019943320363
deterministic,254,silverman,1.6566285451693548,1.1087457746619198,1.9222249308536412,0.8313797413193235
deterministic,254,cv,1.3367938643957769,0.985782690769979,1.8034302228832075,1.8453106581335406
deterministic,254,loocv,1.3484213249437693,0.9919566599017862,1.8004316200145956,2.496111612822614
deterministic,255,silverman,4.300052796447459,1.6599446738990717,1.2180153763257224,1.2982404943397572
deterministic,255,cv,1.434374368590843,0.9924886339277773,1.9199265602733182,192.67468868778795
deterministic,255,loocv,4.838947537923671,1.7232335217586945,1.2338905623285732,1.0895376357849909
deterministic,256,silverman,37.50300074648517,2.954099538895971,1.580534998897399,0.6994602818725937
deterministic,256,cv,2.0081289593752754,1.1493715169993997,2.30055606877837,3.7124731824995414
deterministic,256,loocv,2.5573271286495034,1.2698650516629932,2.8878221462108296,103.8086041004181
deterministic,257,silverman,3.9556274500711477,1.2960790915026212,0.7743867448235007,0.8469273347911672
deterministic,257,cv,0.6455547565678058,0.6543594260388005,1.855098366951578,125.69466829914364
deterministic,257,loocv,0.6455547565636681,0.6543594260393207,1.8550983669378676,125.69466057379486
deterministic,258,silverman,8.929171316773449,2.474227346443218,5.8451326458467925,1.2103081787849546
deterministic,258,cv,5.281545693908077,2.12214314885275,3.5928426935213578,14.660528934872255
deterministic,258,loocv,5.219400274826241,2.113205357280432,3.547804064984313,179.6247473772451
deterministic,259,silverman,1.711004771854331,1.1296032091979749,1.8228712001810594,0.9049490229364835
deterministic,259,cv,1.5433992077852594,1.0783628631179965,1.2743056014129814,0.47480066756684125
deterministic,259,loocv,1.6186626567687112,1.111480305542017,1.3756154220876207,0.5746637615515086
deterministic,260,silverman,2.7896898976307187,1.2254903376441724,0.6784461554746921,0.9680224671985714
deterministic,260,cv,2.6786084405179222,1.187749793947058,4.20102412289285,1.6289957368796761
deterministic,260,loocv,2.493135424899594,1.1689749425249618,4.106821167490063,2.1041817845911748
deterministic,261,silverman,39.46601584686778,3.1922152826057792,21.346365437016452,0.7512938662015922
deterministic,261,cv,0.6495550271104081,0.6611336783411557,1.0639539044499262,2.52681095410134
deterministic,261,loocv,0.5422481120361546,0.5741759872244485,1.7844744726519575,111.50125373860823
deterministic,262,silverman,2.190394427857178,1.2411430084552586,2.8612790052586554,0.9152993107639221
deterministic,262,cv,0.7090174520793124,0.7216883836959027,1.532861713046001,135.84161270634846
deterministic,262,loocv,0.7090174520365431,0.7216883836725606,1.532861713005032,135.84162424403766
deterministic,263,silverman,67.94251656741908,4.509185467890044,0.9184984501862712,0.6641471274549738
deterministic,263,cv,0.6995581319407177,0.7061256029022193,1.8617839312317859,98.56758107143482
deterministic,263,loocv,0.6995581319270407,0.7061256028681443,1.8617839312513904,98.56759553126182
deterministic,264,silverman,9.5179340611514,2.1162693260918957,0.954287733458564,1.2393165845334393
deterministic,264,cv,1.411095200457323,1.0014848290633094,2.0276119438882287,183.93012238555457
deterministic,264,loocv,1.4110952005898345,1.0014848291181082,2.027611944302223,183.92995820745728
deterministic,265,silverman,22.09500183385378,1.8282079540030713,0.9034105271227428,0.7637929903196056
deterministic,265,cv,0.5955193150724484,0.7451500582184662,1.0253240982049243,113.35640759366943
deterministic,265,loocv,0.5955193150371791,0.7451500582006921,1.0253240982984593,113.35654332310631
deterministic,266,silverman,1.0083560069053517,0.7539391706383328,2.158580120318358,1.0825353157593145
deterministic,266,cv,0.6178804977960832,0.6734752584470132,1.253556924931448,3.447489580664248
deterministic,266,loocv,0.596952852520533,0.6636618953774505,1.2340079512529047,3.2867981394254087
deterministic,267,silverman,3.392491402971401,1.2985396349145353,0.8959556480588959,0.8934241679849011
deterministic,267,cv,2.643381530460626,1.0496548495991844,4.659192046036374,1.8297538980873485
deterministic,267,loocv,3.0231385982176375,1.1355335016193333,0.5744682148975442,1.5663425114915523
deterministic,268,silverman,1.790414601773931,1.2146486210105247,2.0327874869476124,0.9464424210998822
deterministic,268,cv,0.8297595472119549,0.8177495943369881,1.2219505740308172,2.2650500528301625
deterministic,268,loocv,0.7844898117241215,0.7958536652399586,1.1968285265839924,2.4064648033805147
deterministic,269,silverman,4.851907842750852,1.64659505271136,2.448915799215852,0.8275405377647682
deterministic,269,cv,3.97477879341512,1.5908135849681317,3.6538097851472155,14.5185393348296
deterministic,269,loocv,3.9380397016697284,1.5823365482322707,3.5990171911023032,122.81741902930072
deterministic,270,silverman,0.2449515786932222,0.4387674213973748,0.40826793681607687,0.9697767307159191
deterministic,270,cv,0.3574248092981061,0.5633189405472246,0.8421334184410805,143.92703154246485
deterministic,270,loocv,0.3574248094650082,0.5633189406560115,0.8421334186293121,143.92690334163578
deterministic,271,silverman,0.6336198513892306,0.7161263105175777,1.2177889097674033,1.2111160750093315
deterministic,271,cv,0.955107654484175,0.9139552292983416,1.2715976193191383,0.8244005540766385
deterministic,271,loocv,0.9911130305423878,0.9350316410032407,1.2885699881134949,0.7800881645504941
deterministic,272,silverman,4.643521390867338,1.3840413972130836,0.8464783252751698,0.8523277807182488
deterministic,272,cv,0.5324945230229756,0.7087066904743886,0.9490033781328866,10.493493805708324
deterministic,272,loocv,0.5991244410786092,0.7480069534598432,1.0236312852789275,126.49602168806796
deterministic,273,silverman,1.4575296988626976,1.0985345108690772,2.0523268077515584,1.1056773765887937
deterministic,273,cv,0.9434449552709987,0.9046895388791834,1.5374109191335812,1.7833094339312934
deterministic,273,loocv,0.8773328298958946,0.8722019178377611,1.4623036623730068,1.8810000415962278
deterministic,274,silverman,2.2486147206715503,1.3883567193527426,2.3708243268007223,1.0606438429436453
deterministic,274,cv,2.1502932257106466,1.3655128925760418,2.301138981510674,1.1117921898395828
deterministic,274,loocv,2.402883440167594,1.4225021557627748,2.4903218607833075,0.9802206493987422
deterministic,275,silverman,1.6769902073088816,1.0909135520643192,2.59626502618002,1.0593684128807532
deterministic,275,cv,141.36634887154264,5.8182944469245,40.05738066064163,0.5825850442861675
deterministic,275,loocv,1.0972953364415607,1.0142406768676144,1.40534940078649,157.22355268439912
deterministic,276,silverman,1.3782657404725482,0.9053167435936645,1.0290219313945808,0.7010326307525235
deterministic,276,cv,1.7594359780932074,0.9722329905323442,1.1347114986866083,0.5315771816131514
deterministic,276,loocv,2.3723452702919405,1.271851007790056,1.9843736513875119,0.18202861981531976
deterministic,277,silverman,5.038589883303092,1.5622456863647818,1.5205991628240958,0.896725939660733
deterministic,277,cv,2.7843966740900106,1.3754234541437158,3.6064824047895527,133.08521143456218
deterministic,277,loocv,2.7843966733059227,1.3754234538952483,3.6064824046827364,133.0851741389636
deterministic,278,silverman,2.746218808880734,1.144401461044263,4.672240709436382,0.7096576971095235
deterministic,278,cv,1.327614492226376,0.7910204593891459,3.244521549837818,2.2278941362626643
deterministic,278,loocv,1.371586582766069,0.8059434956090527,3.2875867840792385,2.175089437600689
deterministic,279,silverman,1.1445679994678253,0.9545126576975762,2.716134196738746,0.6511944335274326
deterministic,279,cv,1.165383132659287,0.9256397015351739,1.5728036087594228,1.0388462217319219
deterministic,279,loocv,0.5042610514719899,0.5211335978730389,1.800424335374373,96.64540474870623
deterministic,280,silverman,6.092018295607316,1.889159078050255,4.932863441339815,1.1401180785768852
deterministic,280,cv,5.613017126753901,1.8818026151228633,4.844538669802613,1.9670777393319456
deterministic,280,loocv,5.118496560395083,1.813565016831629,4.10590192670317,169.2077767898404
deterministic,281,silverman,0.9400895081659709,0.8385246070572971,1.9860817902868018,0.8862956716281027
deterministic,281,cv,0.6587619302901073,0.76429309544938,1.010257354021456,1.9567658056023742
deterministic,281,loocv,0.6450338353132286,0.7574660957810873,1.0025979585137736,2.1533829092752454
deterministic,282,silverman,2.9567098221341723,1.2608483782062903,1.0080665480164943,0.5938766931399203
deterministic,282,cv,0.6658077597917005,0.6212251732639441,2.0092760657916604,88.13867245361689
deterministic,282,loocv,0.6658077597435417,0.6212251732000584,2.009276065901743,88.13868615273583
deterministic,283,silverman,15.228077648699326,2.406454747795423,11.41125692008479,0.7580580673964555
deterministic,283,cv,3.4500250440006694,1.4911522898549872,3.8437152609284313,3.25619288247637
deterministic,283,loocv,2.685209562948666,1.3339867118263298,2.916815607860677,112.50532333541875
deterministic,284,silverman,2.1137074580582804,1.2574313370062504,2.9702946196910696,1.1308777057724904
deterministic,284,cv,0.8320231813692414,0.8812355990736476,0.9869169064714951,167.83612136682947
deterministic,284,loocv,0.832023181353464,0.8812355990680405,0.9869169064744385,167.83614809894124
deterministic,285,silverman,4.621964135109154,1.6558632350619358,4.50166032859766,1.1527372534412803
deterministic,285,cv,4.47800631733995,1.657829902442898,3.9314526776300642,171.08061065450067
deterministic,285,loocv,4.478006317401099,1.657829902481796,3.9314526775226466,171.080221301991
deterministic,286,silverman,11.244693020155928,2.4160119638155853,8.072551105691602,1.1040832331016857
deterministic,286,cv,0.844708508345398,0.700821422418853,2.2251293765212417,163.8596764250509
deterministic,286,loocv,0.844708508405886,0.7008214225170342,2.225129376192906,163.85940607166498
deterministic,287,silverman,1.5334997012773333,0.9501858581802135,1.0743751152309944,0.9677109061415582
deterministic,287,cv,1.3723267637317864,0.8866401124668507,1.0183664615098167,1.1875965337422014
deterministic,287,loocv,1.380785123184927,0.8886814157259201,1.01955872011431,1.1816602879563105
deterministic,288,silverman,1.837678945404232,1.088227172051321,3.9411673128841107,0.6197227825209805
deterministic,288,cv,0.8395277307557136,0.683000026425629,2.2342065390096977,91.97465158995428
deterministic,288,loocv,0.8395277309159269,0.6830000265783799,2.2342065389799424,91.97467440145188
deterministic,289,silverman,0.7376327771397816,0.7599283668138264,1.768914021964146,1.1900456394761676
deterministic,289,cv,0.6382020509112746,0.6684225105640299,1.8044751188198567,176.61750118498315
deterministic,289,loocv,0.6382020509145394,0.6684225105608889,1.8044751188318637,176.61763035690166
deterministic,290,silverman,1.1654214064160664,0.9476675558138454,1.570874292372469,0.9634602527174506
deterministic,290,cv,0.964727536721006,0.7850042549369822,1.9832079403652734,4.513539128579267
deterministic,290,loocv,1.03583659134204,0.8324368180835008,1.8645521432565997,3.534526445114352
deterministic,291,silverman,4.241758809623785,1.5301558518224696,5.3471421844145475,0.8214185893957228
deterministic,291,cv,0.960905329829962,0.8677363409098764,1.5525184146280164,121.9087599788701
deterministic,291,loocv,0.9609053298910539,0.8677363408547929,1.5525184144198976,121.90850383975126
deterministic,292,silverman,1.8492105932006515,1.0398097221226148,1.0062799348574007,0.8867918913177053
deterministic,292,cv,0.2670169043470351,0.4943284102350591,0.5755585155915173,3.153746394427334
deterministic,292,loocv,0.2588936743214535,0.4888009436728135,0.5719388155621448,3.2850977106216384
deterministic,293,silverman,2.7976348199323926,1.4286349819444568,1.25178673960498,0.8615667794488285
deterministic,293,cv,2.123675171071924,1.3841103949925837,2.0690739546263535,127.86698711278544
deterministic,293,loocv,2.1236751711237405,1.3841103950018945,2.0690739546602144,127.8670029787654
deterministic,294,silverman,157.99864918647066,6.858210789296814,1.4484160300961846,0.6133562758647491
deterministic,294,cv,1.3214915856079608,1.130038616649112,1.4365636314596908,91.0298130277655
deterministic,294,loocv,1.1839804525411786,1.0750336679896506,1.342448361467677,9.413067985162686
deterministic,295,silverman,1.0083991241363786,0.9413490624973647,1.1251228564988711,0.9802846092198216
deterministic,295,cv,1.0255808942675324,0.7920662557980689,2.3528412588329877,145.48655765850276
deterministic,295,loocv,1.025580894010282,0.792066255778784,2.352841258206565,145.4863767175464
deterministic,296,silverman,0.7395949693185003,0.7916972900647977,1.2465899228334096,0.9935767968416821
deterministic,296,cv,0.9399660703461352,0.9593407596696792,1.2560152887066633,4.0090688069008955
deterministic,296,loocv,0.8766171124170098,0.9248931693631133,1.1946191802848132,3.6273923728386426
deterministic,297,silverman,6.667267174919088,1.9499974751084048,5.93808576295052,0.8180831352617818
deterministic,297,cv,1.7490966595384958,1.123179087781548,2.305859281128558,121.41383426303038
deterministic,297,loocv,1.749096660130923,1.123179087985088,2.305859281569432,121.41379583267592
deterministic,298,silverman,1.8708318912953992,1.2509802739617526,2.3076957948265853,1.0501640176896325
deterministic,298,cv,0.7240050394375933,0.8015224467292272,1.1415926576319266,3.889706310915316
deterministic,298,loocv,0.8518132300914537,0.8801888689713029,1.2122136424441574,2.4536194469270542
deterministic,299,silverman,3.777490490864521,1.4386371647266887,4.282000874321343,0.9582538876706969
deterministic,299,cv,4.352659396257088,1.6218686123976347,3.989801621416901,142.216977231832
deterministic,299,loocv,4.352659394413543,1.621868612107791,3.9898016202026816,142.21689246934687
stochastic,0,silverman,0.655419007721228,0.6762608534023274,1.2946405264176626,1.04826572535741
stochastic,0,cv,0.7320826373108003,0.8192921851356163,1.2684899357162054,6.267897855211056
stochastic,0,loocv,1.1402437702939054,0.889535667465637,1.8265653088171847,2.007472865215943
stochastic,1,silverman,9.006727731537454,2.121834022428776,8.666318637281694,0.8379293916883234
stochastic,1,cv,28.673617812026812,3.3933658083574842,15.927971737155108,0.34547524149471665
stochastic,1,loocv,8.900807143249414,2.088412569728739,10.694240526670514,0.1675664155625402
stochastic,2,silverman,0.4850110475436701,0.5923581607732148,0.8453036572813017,0.9827377182791361
stochastic,2,cv,0.19768770842274996,0.31612549277999963,1.2193851035625711,20.3182212194634
stochastic,2,loocv,0.18271380744762739,0.3165432638168976,1.0902908540759373,6.2870124877259626
stochastic,3,silverman,5.849485551264389,1.9964935998646465,2.0915115351407305,0.8876814082935156
stochastic,3,cv,5.901641539860613,2.0042206937486284,2.0797541506217576,0.8950114926194453
stochastic,3,loocv,5.713050115525601,1.983187453867923,5.514452784917546,3.168110067073254
stochastic,4,silverman,0.6837440883034175,0.6424653196239694,2.284933781649851,0.9045137154531876
stochastic,4,cv,0.5871901054279599,0.5550896432751298,1.9320724010290973,134.24097647350777
stochastic,4,loocv,0.5871901056025742,0.5550896432850402,1.932072401521918,134.241213013678
stochastic,5,silverman,0.9718486156901789,0.8686752643332933,1.2430028303595178,0.8565333902618424
stochastic,5,cv,1.2224482309793054,1.0661402386517291,1.9033832553254946,127.12015061649204
stochastic,5,loocv,1.2224482309758187,1.0661402386489018,1.9033832553317493,127.12014644568718
stochastic,6,silverman,1.2548214839455247,1.0340086045561503,1.8680549116629686,1.214604692453267
stochastic,6,cv,1.307203590575347,1.084510254429576,1.6102956594453453,180.26257694508016
stochastic,6,loocv,1.1318610092752155,1.0254048045519237,1.4809743712023475,6.5318694974741645
stochastic,7,silverman,3.182110246829922,1.4324986589599331,2.290779858457614,0.7125675727947847
stochastic,7,cv,3.78216942475032,1.7269356526858752,3.20770023263989,105.7540416307154
stochastic,7,loocv,3.7821694219721858,1.7269356521492254,3.207700230258107,105.75370445483533
stochastic,8,silverman,0.7551368732718642,0.7756856627089123,1.1071354472297317,0.9050278756329202
stochastic,8,cv,0.8059067298780862,0.8213507022302086,1.0523615087231741,1.9758801856790056
stochastic,8,loocv,0.8096189088779049,0.8239873883830474,1.0540685245027062,1.9122644236307382
stochastic,9,silverman,1.8083843726933337,1.0721595337607026,1.7810374743226227,0.9379333191660107
stochastic,9,cv,1.8459575092191005,1.079052604583325,1.870772126153926,0.8769486727569894
stochastic,9,loocv,1.8454731843973116,1.0789633757794275,1.8696178869715376,0.8777039175295726
stochastic,10,silverman,10.123947513322289,1.960122491048719,8.501755330767118,0.8805252577145531
stochastic,10,cv,10.039278365118076,1.9507798036881234,8.595570463479483,0.8889313805987596
stochastic,10,loocv,2.181422047425488,1.1246313052178574,2.7510361345710717,130.68100533275816
stochastic,11,silverman,1.3781534602568521,1.062188704901907,1.060698425712952,0.8359226717574586
stochastic,11,cv,0.6705190909584618,0.6456120305102152,1.8724547096598914,6.180940061738439
stochastic,11,loocv,0.8011017136776566,0.7324341817208256,1.7361117044260796,3.5481848623706314
stochastic,12,silverman,2.3421699831038767,1.35544221226381,1.4203038382196678,1.0537870555345217
stochastic,12,cv,2.3427011995141096,1.3555345996368093,1.4205172652877445,1.0530193121403988
stochastic,12,loocv,2.319775762860372,1.3514830273009728,1.4118199208317566,1.0847573120478622
stochastic,13,silverman,10.42264330714357,1.9343656948905745,0.7724340205398825,0.709305603076632
stochastic,13,cv,0.5442411733465499,0.5124707096981798,0.505411852555606,1.7216763019962307
stochastic,13,loocv,0.5118609704937388,0.5987012963948798,1.2013590788442392,3.7496245181490093
stochastic,14,silverman,0.7476102208931166,0.7762110562649556,1.050163524931738,1.2856031306866293
stochastic,14,cv,4.7089726651680754,1.3109335030998226,1.5668209165308995,0.15809126396441833
stochastic,14,loocv,0.7273561433775741,0.7624602021612996,1.0475094700396697,1.2598972125238137
stochastic,15,silverman,0.2560701403960803,0.44725494212011974,0.5378916342539872,1.3207638150217997
stochastic,15,cv,0.7847002752502938,0.8458170771830906,1.238889411783608,196.0178897501994
stochastic,15,loocv,0.2634274396039319,0.402591428667381,0.9702492212340603,2.2777540371634486
stochastic,16,silverman,51.184463886096935,3.601535977769421,1.1690786641972726,0.8311937304484789
stochastic,16,cv,1.0392780357380236,0.9857830972319962,1.7434836959941922,123.35959764691152
stochastic,16,loocv,1.0392780343071826,0.985783096457868,1.7434836950900334,123.35931674530046
stochastic,17,silverman,12.361965222078174,1.8576989480067843,0.9916554726310967,0.7905347968717517
stochastic,17,cv,0.33766281097570156,0.5415383719783978,0.7665975351407914,2.4653877166644893
stochastic,17,loocv,0.3651064768808332,0.569902956905845,0.7530947350091559,2.7146607742725686
stochastic,18,silverman,0.5668180793626388,0.699397670300569,0.7387764315159067,1.2010638216027814
stochastic,18,cv,0.6815433165836476,0.7151593032678831,0.805819311116021,2.1088843265441897
stochastic,18,loocv,0.6668471558820034,0.7319481738120869,0.6364004659732432,1.6006219416897023
stochastic,19,silverman,17.715464663079157,3.082379013728806,9.457683515089025,0.5876753765623776
stochastic,19,cv,5.069874328211934,1.89785504284895,3.9384092523493255,87.21842703451784
stochastic,19,loocv,17.515068875548696,3.0450548898150824,9.383326119127831,0.7233467595448979
stochastic,20,silverman,0.84381633028975,0.8610419486543862,1.4918116286148495,1.127544141378567
stochastic,20,cv,0.8533435712088452,0.8637647888622967,1.5142014512161697,1.0906266761274823
stochastic,20,loocv,0.6987277908276847,0.8017216784622905,1.186854124479118,1.7284163047752827
stochastic,21,silverman,2.4773798920048042,1.4245158725130314,1.2589124348674654,0.9855885386246399
stochastic,21,cv,2.1767580289629462,1.2725570759586007,1.4527802380897403,1.6633975639697112
stochastic,21,loocv,2.3066289270194296,1.2976033494436656,2.241327433745506,2.9390968237014046
stochastic,22,silverman,1.0164861703859036,0.8517790314036441,1.5708622619186956,1.0044877319307486
stochastic,22,cv,0.998764530020277,0.8896010007229047,1.530737001757459,6.307069982873237
stochastic,22,loocv,0.967812917853166,0.8734573638675688,1.5100149066403732,5.493011726266243
stochastic,23,silverman,1.2550399888854882,1.048123306261955,1.6007467657373153,1.3872834988488532
stochastic,23,cv,1.4080180707565912,1.1078166473993685,1.7334081583329313,205.89009045179964
stochastic,23,loocv,1.4080180707553194,1.1078166473990712,1.7334081583325485,205.89009505731508
stochastic,24,silverman,1.156128786611841,0.9307605636357534,2.145733476894608,0.8937130659973463
stochastic,24,cv,0.7678508125709782,0.8506780909091298,1.1547367107134974,132.63800692267606
stochastic,24,loocv,0.7678508123770251,0.8506780908207405,1.154736710697567,132.63811908153744
stochastic,25,silverman,2.4468557625801233,1.4218856481353663,2.0664525005595973,0.8150721922181896
stochastic,25,cv,3.305939477232728,1.4873648546104494,3.677172366361342,0.33779921092251325
stochastic,25,loocv,2.7706287255167195,1.4199871704078433,2.4976997921106836,2.8451448945343767
stochastic,26,silverman,2.013471960925348,1.3738326485384218,1.2866830698959684,1.0653506530754826
stochastic,26,cv,3.520194323643627,1.7663318031172794,2.7787695337897835,158.11145680481246
stochastic,26,loocv,3.5390551930429663,1.7729525583731973,2.8141738651175343,9.166149097487164
stochastic,27,silverman,2.4339576897682815,0.9941125554503324,2.1052109209372296,0.7571942463130766
stochastic,27,cv,0.8260771714154544,0.6996999461671304,2.1680393659508126,112.37695693749887
stochastic,27,loocv,0.826077171418681,0.6996999461674984,2.1680393659588897,112.37695532032197
stochastic,28,silverman,4.916810890067799,1.3556039177520214,0.5895477675325314,1.2016002797143757
stochastic,28,cv,1.0583034253532992,0.786497725298767,1.8536964681471566,178.33242434726458
stochastic,28,loocv,1.0564403693092765,0.785761949098478,1.8470915773573975,43.01429575124014
stochastic,29,silverman,16.093888671400556,2.529557191417102,10.807187113256866,0.9495993926793538
stochastic,29,cv,0.3680429130524347,0.42531507853610667,1.6029713470221618,140.9324897578274
stochastic,29,loocv,0.36804291305208503,0.42531507853519185,1.6029713470248024,140.932483188212
stochastic,30,silverman,1.6967750070970737,1.0859181050236173,3.224507869512798,1.4188514653231836
stochastic,30,cv,1.4705282962895616,0.9990173269813006,1.920110149336707,6.0882584292778
stochastic,30,loocv,1.496328101943162,0.9985967401895763,1.9595343753352226,6.637305895542083
stochastic,31,silverman,2.9640873835331427,1.1650073983323812,0.6871726251310968,0.8100083393367544
stochastic,31,cv,2.7567546320136422,1.098474978423304,0.5719677794776905,1.5074349581862354
stochastic,31,loocv,2.7944402350616713,1.1047545071180789,0.5773633964586435,1.4602805302942858
stochastic,32,silverman,1.8090188544630126,1.2131200904737842,1.2741015259968023,1.0493566412132345
stochastic,32,cv,0.6631799359088434,0.6805187905704019,1.6971170625401273,4.938642172627231
stochastic,32,loocv,0.6622459387615829,0.683554092448326,1.6717286286335475,4.725897209752116
stochastic,33,silverman,0.5236256831426088,0.6050925877246054,1.1805373312788117,1.1601542117171557
stochastic,33,cv,1.2034840435307552,1.0707768518944318,1.4268685935960923,172.18137396284234
stochastic,33,loocv,1.203484043245487,1.0707768517936316,1.4268685933609635,172.1811937526231
stochastic,34,silverman,0.26881527697313196,0.40787916302902244,0.5084468817304044,0.957837594910549
stochastic,34,cv,0.3057892007128987,0.4226685989240505,0.7473307552553041,4.162559450191704
stochastic,34,loocv,0.3290240956654471,0.4544722147591516,1.4684435972965946,4.856703550903766
stochastic,35,silverman,1.1824298854188178,0.9754102733962011,1.4037227242792265,0.9229330367277111
stochastic,35,cv,3.268287338380547,1.487936032106313,2.971868087652682,7.011812249975649
stochastic,35,loocv,3.335945595108197,1.4981246995197564,3.0281552849440354,7.344808386118558
stochastic,36,silverman,2.362737678189225,1.2617286320371885,3.2564217159636657,0.9053389969167143
stochastic,36,cv,1.1548169455940789,1.0609219952555158,1.3387184946262525,4.344522295236239
stochastic,36,loocv,1.3409219135901307,1.1297483969238309,1.8726651833553318,134.36363178077568
stochastic,37,silverman,2.6352250737592575,1.158705223589813,1.3035231904318532,0.9751289399191531
stochastic,37,cv,2.55098495589506,1.0841538418735839,0.8338201161583192,1.613272618995064
stochastic,37,loocv,2.5702146833168293,1.091678520769392,0.8643663531108667,1.570685017273138
stochastic,38,silverman,0.9997547944018212,0.9264575485485302,1.3317356031018903,1.1196266799230359
stochastic,38,cv,1.7908172985801716,1.175503089682961,2.2004253404933074,166.1665308862081
stochastic,38,loocv,1.790817298556677,1.1755030896832834,2.200425340476108,166.1665202626849
stochastic,39,silverman,1.8321909337646394,1.2307921663946197,2.0666949386499014,0.945809762188817
stochastic,39,cv,0.6627726075556208,0.7866993600990484,0.9357618823506608,140.36976233553784
stochastic,39,loocv,0.6627726076172323,0.7866993601340303,0.9357618823967631,140.3697090785281
stochastic,40,silverman,7.549318898989861,1.8216063418535762,0.9211611197206206,0.920773866592383
stochastic,40,cv,0.7858527228814344,0.7061321155893838,2.104431130538884,136.65417087420735
stochastic,40,loocv,0.7858527228591681,0.7061321155541687,2.104431130722156,136.65419877968603
stochastic,41,silverman,13.065046084180164,2.896214893516655,6.50812524668994,0.7553011207052377
stochastic,41,cv,11.009285913951347,2.7195409371777095,5.460032932958972,0.42771949202553816
stochastic,41,loocv,11.007544534822637,2.719355397012621,5.459906046551067,0.4281684842867676
stochastic,42,silverman,1.05895620097882,0.8512115705382278,1.2426380527585947,0.9085948397695831
stochastic,42,cv,0.9335508553010075,0.9259306003395036,1.723837584469399,134.84692795687607
stochastic,42,loocv,0.9335508553023184,0.9259306003390712,1.723837584479923,134.846923390058
stochastic,43,silverman,2.9227132214010267,1.379568017607594,0.8432106889420314,1.0759010181802924
stochastic,43,cv,1.6879160814596417,1.1169036540852004,2.107471494911879,8.477814013384592
stochastic,43,loocv,1.6630223895577836,1.1081617852437335,2.0699373201839855,7.346690053488684
stochastic,44,silverman,2.02746879850189,1.0495817652970312,2.1775650722982327,0.9976792566944563
stochastic,44,cv,0.5779573020401979,0.7335376152427008,1.0102594028577325,148.0679460134961
stochastic,44,loocv,0.5779573032469967,0.7335376158770631,1.0102594039347417,148.06773153956914
stochastic,45,silverman,1.758246067494418,1.0559526739098792,1.1145859061433472,0.8043825608621158
stochastic,45,cv,1.2188893029284324,0.9826002685267419,1.6808266940953287,6.401955463275211
stochastic,45,loocv,0.6578986719257323,0.7554084258115827,1.2642696447881707,4.040127898513942
stochastic,46,silverman,1.561875268035115,1.0982986057720907,1.9957266039049237,1.0484488510802703
stochastic,46,cv,1.3839472041765455,1.0179190242589393,1.3669134873136588,3.148201689264947
stochastic,46,loocv,1.2827028086583774,0.962125195989121,1.2833575046414587,2.22921218220002
stochastic,47,silverman,5.7630392067500065,1.9453711034969283,3.4983477898801314,0.6168727499707765
stochastic,47,cv,1.8923527946795924,1.0934683089960264,2.467888839390193,91.55160415914254
stochastic,47,loocv,6.84184816042913,2.043638957871797,4.491490968039167,0.7679961728499022
stochastic,48,silverman,56.89446713771203,4.23621216424384,1.2212895189839734,0.5638508014939464
stochastic,48,cv,0.537358180246848,0.5990052139216491,1.711118155663706,83.6825557368025
stochastic,48,loocv,0.5373581801965939,0.5990052138623616,1.7111181556061879,83.68251995476014
stochastic,49,silverman,23.56109848130129,2.428023949008489,0.8639795539800565,0.8432199022442777
stochastic,49,cv,1.1274506814142287,0.9916352542574143,1.5414093611426802,125.1443166757457
stochastic,49,loocv,1.1274506826487285,0.9916352546706133,1.5414093623105038,125.14441291148931
stochastic,50,silverman,92.33591088625694,5.661997970941867,2.0758746492143842,0.6230730499170046
stochastic,50,cv,2.259172612954972,1.4762308979907397,1.8965286077500172,92.47176861356277
stochastic,50,loocv,2.2591726130999428,1.4762308980287782,1.8965286078758108,92.47169800971758
stochastic,51,silverman,7.580218592139059,1.5295834694413646,1.3706647243094645,0.7635499412255774
stochastic,51,cv,0.9805151393482086,0.9750571457870275,1.1652675350851356,4.538886344319931
stochastic,51,loocv,0.8454861842294068,0.8844266599607932,1.0859486087706847,3.5556913252634312
stochastic,52,silverman,3.9962561481265553,1.5996564156925954,6.082931587744623,0.9254504983211176
stochastic,52,cv,2.367819053244943,1.4189913534382605,2.363041138436908,137.34816667062083
stochastic,52,loocv,2.3678190531323215,1.418991353420662,2.3630411383072514,137.3481027058772
stochastic,53,silverman,4.082994167370085,1.6207773180696488,2.023885073569584,0.5315063510629909
stochastic,53,cv,1.9073076292807911,1.2532147470355415,2.1125726109884457,0.8782960083175715
stochastic,53,loocv,5.439792219665249,1.9487234161388352,4.11077582646751,78.88226554728583
stochastic,54,silverman,1.1199651699888977,0.8925532417410151,2.281873461654534,1.1257492634318085
stochastic,54,cv,0.9282192650112813,0.809045246481098,1.561525504171146,2.9188834617458945
stochastic,54,loocv,0.9273813943119453,0.8048257261441722,1.5570104176412525,3.147536444688581
stochastic,55,silverman,0.8707224746927704,0.8053532401285793,1.1403943758046453,1.1009750411452621
stochastic,55,cv,2.979645516402445,1.4547064801866414,1.2616487165503663,0.36745067206770343
stochastic,55,loocv,2.9648167735262354,1.4527316018955003,1.261018140023728,0.36810797884327606
stochastic,56,silverman,1.956381897483829,1.1571605591605367,1.295705706198127,0.6939304776629868
stochastic,56,cv,2.016684372723865,1.1846645596145273,1.3056727844933245,0.6436473689174146
stochastic,56,loocv,0.6318935398428459,0.7171677359864123,1.2238358662070856,2.300558385207885
stochastic,57,silverman,0.8310493723210386,0.8371106081202531,1.172609440704571,1.1240654318297656
stochastic,57,cv,0.7248517742139955,0.7411961707605849,1.839345719443369,166.82542431810003
stochastic,57,loocv,0.724851774120626,0.7411961708007095,1.8393457188415343,166.82511045855728
stochastic,58,silverman,1.2861182101331823,0.8837595358563713,1.2382148405494302,1.0189014748853822
stochastic,58,cv,1.4652952003076203,0.9840106462325855,1.1575926428410526,0.6776160630824384
stochastic,58,loocv,1.4326479783463555,0.9716252117587737,1.0051548078030852,0.7338422815954758
stochastic,59,silverman,1.3363712595765245,0.6947775083225418,0.3945036804073454,0.8554739858154495
stochastic,59,cv,0.5533261395157442,0.48904722164373304,0.3566980371105024,1.5509869492254769
stochastic,59,loocv,0.8085932293955519,0.5433592693350616,0.38347367167935076,1.2962843320794828
stochastic,60,silverman,0.7616845147554049,0.7594927553631591,1.4681850262482257,1.3054711537456336
stochastic,60,cv,0.9367306200170118,0.7646644533293481,2.2389037673269665,193.74833888560732
stochastic,60,loocv,0.9367306199383592,0.7646644533303513,2.2389037670958123,193.74813116517956
stochastic,61,silverman,2.022169881305168,1.3461902453606567,1.8238086048017605,1.078242804098376
stochastic,61,cv,2.7831776931736454,1.52587178092473,2.8001165290573087,0.5557078923088036
stochastic,61,loocv,1.517906955372093,1.208232013509596,1.8616090333891617,7.526752999735546
stochastic,62,silverman,7.268374191919107,2.0214099622876733,5.19527353719356,0.8695327597979833
stochastic,62,cv,6.823807714145719,2.0600286616221815,4.89480710722675,15.729093794830373
stochastic,62,loocv,6.775659647326211,2.0563142664985006,4.858715065498546,129.04949814672867
stochastic,63,silverman,72.25683901745495,4.41526588757609,1.0406035247492877,0.5911117621361208
stochastic,63,cv,0.6742636318510276,0.6117318660970394,2.0281658242325458,87.72841140664876
stochastic,63,loocv,0.6742636313423548,0.6117318659443369,2.0281658234778095,87.72830561990918
stochastic,64,silverman,1.5434303056915284,1.0601965242137659,1.4648589849608107,0.5928089306097302
stochastic,64,cv,1.4912152313502078,1.005641560148766,1.205863939046416,1.0966958342408721
stochastic,64,loocv,1.5201621121339999,1.0089079629526005,1.1780238289036042,1.205614794340751
stochastic,65,silverman,1.1653450083523,0.9868725909874484,1.6382425853617688,1.0613060703876385
stochastic,65,cv,0.9572958506714677,0.786129234778765,2.0890567492498193,4.8701245944794875
stochastic,65,loocv,0.9503101321391327,0.7886291777202586,2.0495554854212106,4.5623906937515954
stochastic,66,silverman,4.384451185703238,1.4922594601905328,1.1646176313115686,0.762816333008511
stochastic,66,cv,5.428364551476049,1.8477675905477795,4.2834934127620565,113.21133086379227
stochastic,66,loocv,5.428364550307943,1.8477675905425346,4.28349341087382,113.21157990643458
stochastic,67,silverman,1.1763218689452122,1.0095890289075755,1.214269050460226,0.9807448423064906
stochastic,67,cv,1.226800660966231,1.0771836915038229,1.8298906576421108,145.5547838744137
stochastic,67,loocv,1.2268006609191306,1.0771836914917254,1.8298906574987979,145.5545359310821
stochastic,68,silverman,1.006937505385439,0.9561157793533306,1.2050665143526045,1.2110398608543602
stochastic,68,cv,0.9753479234744699,0.9374298814525747,1.3744821114111982,1.964432280119295
stochastic,68,loocv,0.9800144245639251,0.9395732789062041,1.3794800436501964,1.950056435273096
stochastic,69,silverman,0.5993331500118071,0.6134581567483186,1.4481978590016622,0.81054394822026
stochastic,69,cv,0.6198914066827552,0.6415773869846805,1.2537797690799013,120.2946394459938
stochastic,69,loocv,0.6198914074267523,0.6415773873510654,1.253779768611793,120.29480090736112
stochastic,70,silverman,0.6360372854812021,0.709346059196898,1.0234543794444355,1.1914270363407207
stochastic,70,cv,0.3507765461479482,0.5586468355021221,0.8257126613878434,176.82234459461088
stochastic,70,loocv,0.35077654643853295,0.5586468357673302,0.8257126623141113,176.82278360144505
stochastic,71,silverman,0.5941807551131555,0.7148279372608265,0.9518225983074347,0.7499473717413094
stochastic,71,cv,0.551122737381404,0.6113764912860878,1.4758440607633982,3.520816341587337
stochastic,71,loocv,0.5840696360148517,0.636593367611494,1.32462144128657,2.8960415374825677
stochastic,72,silverman,9.104240649298672,2.2566739746036024,5.878867841364462,1.2220819623096002
stochastic,72,cv,29.15511980822701,3.7499441479947837,13.70430967928371,0.5714898737707397
stochastic,72,loocv,29.732811789801392,3.7793057176404474,13.934427024133289,0.54453375989328
stochastic,73,silverman,0.6052796565268118,0.5904716822970848,1.4258487132658701,1.264597056674113
stochastic,73,cv,1.8821578741116758,1.3059098648665033,1.9222915841674801,187.68219569286182
stochastic,73,loocv,1.8821578738772562,1.305909864813752,1.922291583849472,187.6821191113892
stochastic,74,silverman,11.175970953872977,2.039341252239171,12.93947156720878,0.9852447796224141
stochastic,74,cv,3.4773257161714874,1.5596745362072322,4.135561488074683,2.643749008070856
stochastic,74,loocv,2.1127657575939596,1.327808745769277,2.597705390685331,4.751961235573659
stochastic,75,silverman,0.6612918034001962,0.6982450558286829,1.2682687027969686,0.9748115276262539
stochastic,75,cv,0.4878590712926038,0.58602164807055,0.8577132805811785,2.5374601179282994
stochastic,75,loocv,0.4865470063625227,0.58548316114988,0.8565344663572401,2.552018993574512
stochastic,76,silverman,0.8243599024359494,0.8108520699354757,0.9626974060215747,1.0724045605143326
stochastic,76,cv,0.5511665167034709,0.6194192262484789,0.793072843716865,2.733548123313731
stochastic,76,loocv,0.877214282799325,0.8202216036719169,1.133512429451894,1.682796968033792
stochastic,77,silverman,0.3916048331951053,0.536496556324663,1.0061772950761474,1.0286272890990933
stochastic,77,cv,0.6236265989697798,0.7409182026219205,1.5011546464425287,6.140341581267353
stochastic,77,loocv,0.6539438899939967,0.759971274018882,1.5586137148603632,152.6610969390864
stochastic,78,silverman,3.87952030124446,1.6799891375551979,2.8465060855843696,1.4873154163034463
stochastic,78,cv,4.217556577000558,1.7323927866060647,3.25832773118471,0.9867562345851124
stochastic,78,loocv,4.245898463976724,1.7376695202834949,3.2969717571601804,0.971903257073319
stochastic,79,silverman,6.401328791817536,1.8990626995358992,5.131143292621881,0.9537911914989128
stochastic,79,cv,17.61315228038788,2.759098018453943,16.026369307479406,0.30315002359275733
stochastic,79,loocv,2.257613921833021,1.2708402685668476,3.280881369198337,4.91993585008434
stochastic,80,silverman,1.2555224059302328,0.93985745486387,0.9915124298362998,1.3435604095699862
stochastic,80,cv,1.9806159651038984,1.1568236221945567,1.0284181928138538,0.9352366417869601
stochastic,80,loocv,1.1576375696108405,1.0496373791774198,1.4021116998566499,199.4008855307144
stochastic,81,silverman,1.5307543745328438,1.1305782984168118,1.8481861789887908,0.6669125655214185
stochastic,81,cv,1.9505171526494673,1.2119578236673676,2.334963182631605,98.97802737819293
stochastic,81,loocv,1.9505171566811037,1.2119578246669078,2.3349631868550675,98.97822315301545
stochastic,82,silverman,3.0889983719644456,1.5696605439266968,2.7903302780333625,0.8592083923476403
stochastic,82,cv,6.813199672134449,1.8791627497797851,6.340660114826257,2.122024063190418
stochastic,82,loocv,4.03646213686742,1.7489634586607727,2.8963558674728116,0.7356467029693238
stochastic,83,silverman,2.149821157840135,1.3887385628169626,1.9540934571444877,0.7892915786755953
stochastic,83,cv,1.9410910532170136,1.2702619123327148,1.9522746266119748,1.8350961761392663
stochastic,83,loocv,1.9493563879048301,1.2816285401196938,1.9526358203876641,1.6287713160859172
stochastic,84,silverman,15.19192132831359,2.521203638612946,1.2608722254208369,0.678908754268865
stochastic,84,cv,1.5211045619880925,1.1202857444188712,2.402567475202209,100.75833496586128
stochastic,84,loocv,1.5211045620215333,1.12028574442758,2.402567475269864,100.75836950189493
stochastic,85,silverman,1.5750013146671187,1.0478057317277454,2.2726795279970866,0.8800830932162539
stochastic,85,cv,1.2767951456019102,0.9528275580871518,1.8211266424013592,1.049774687236472
stochastic,85,loocv,1.2879649861568907,0.9567155927706732,1.8354477110902638,1.0435095006893338
stochastic,86,silverman,1.650260148916525,1.2734275883178727,1.5092061644693453,1.0603642362730599
stochastic,86,cv,1.6703173125902988,1.2698689702937174,1.9752675832877022,157.37143502396566
stochastic,86,loocv,1.67031731213173,1.2698689701326837,1.975267582679988,157.37109921313956
stochastic,87,silverman,0.4381719018552711,0.6040981272458794,0.8420989656865778,1.2780128130125845
stochastic,87,cv,0.4628358160161309,0.5899328026783196,1.5272562464691108,189.673055484253
stochastic,87,loocv,0.4628358160201085,0.5899328026742539,1.527256246495002,189.67297384532372
stochastic,88,silverman,2.260114601499035,1.2806937005300845,2.537478979246658,1.3949542216662794
stochastic,88,cv,0.5749239611303071,0.7276516880122605,0.8692786706499271,207.02866755123924
stochastic,88,loocv,0.5680477899142569,0.728390650576189,0.8934255455259299,11.646843667380312
stochastic,89,silverman,7.009665449389857,1.872557204855202,6.875863711935072,0.621868823104297
stochastic,89,cv,4.671631103361872,1.7179682788556891,5.2439855509804065,2.2903680511914155
stochastic,89,loocv,4.250103102010934,1.655813679955871,4.972261374839057,2.5808272961949226
stochastic,90,silverman,0.6348229516287166,0.6875088985329862,1.1838090574064162,1.1237681551290268
stochastic,90,cv,0.4085807170358248,0.6072841272734455,0.8839997026859305,166.78102811845312
stochastic,90,loocv,0.40858071687351455,0.6072841271762612,0.8839997025197261,166.78085094891048
stochastic,91,silverman,1.0966222737530569,0.931703089683883,1.7206135747406763,1.2586164421108972
stochastic,91,cv,1.6730129658785597,1.11343589537046,2.1722221800841774,186.794083669253
stochastic,91,loocv,1.6730129660696291,1.1134358953530472,2.1722221800577923,186.79434547161776
stochastic,92,silverman,0.880958871859624,0.8594283335498518,1.514874080065592,0.5861033887288852
stochastic,92,cv,2.504848138481216,1.4959458904423466,2.295095282644525,86.98490465217344
stochastic,92,loocv,2.5048481390748405,1.4959458906101935,2.2950952834893728,86.98511046866675
stochastic,93,silverman,0.6285402544769346,0.7266372416817315,1.1423011343216385,0.8687260168871863
stochastic,93,cv,0.32891806828581494,0.5248303319365839,1.0421167091441657,2.7602288726644724
stochastic,93,loocv,0.3186002997432143,0.4962519390759424,1.1631277966945432,3.9592780933511187
stochastic,94,silverman,562.0627375927068,10.985443428835882,1.5616986058126103,0.6344330300910398
stochastic,94,cv,1.1541018662116083,1.043916892982656,1.4233681665434983,94.15760201297076
stochastic,94,loocv,1.1541018662047997,1.043916892979994,1.4233681665396691,94.15760159272449
stochastic,95,silverman,19.022513780886126,3.3697286438080942,8.631408194772385,0.7640762975851232
stochastic,95,cv,6.271088481474182,2.152157299078943,4.3115732154183,113.39833472084784
stochastic,95,loocv,6.27108848143488,2.1521572989781594,4.3115732148297825,113.39829024462361
stochastic,96,silverman,14.86535655407483,2.435867733531217,2.2983009034195843,0.9427335708132352
stochastic,96,cv,16.78191847515607,2.5231270620230575,2.2625407899146284,0.8867412520790902
stochastic,96,loocv,2.990671059052055,1.6312634494522495,2.2402496185894707,3.712911546168361
stochastic,97,silverman,1.0088708610047823,0.7895649328119942,0.6630704286394051,1.1135397356100127
stochastic,97,cv,0.4883723896564135,0.5831832457331477,1.654856762096586,4.014318336611773
stochastic,97,loocv,0.44791694454416564,0.5661973196724656,1.385172286879707,6.299587395434593
stochastic,98,silverman,1.388189274547517,1.0207257301239745,2.0658505491740677,0.9953475391609774
stochastic,98,cv,0.8042412347927929,0.6728821939159801,2.183271622156521,147.72168983856824
stochastic,98,loocv,0.8042412351186489,0.6728821938994566,2.1832716231395013,147.72198039659182
stochastic,99,silverman,4.195003033070835,1.3033365383708002,7.793590419752661,0.8619184401543374
stochastic,99,cv,0.45639298438899295,0.4945026744704455,1.7263155093274616,127.91941704146272
stochastic,99,loocv,0.44120407936805695,0.5135453586479013,1.5629482833295771,4.230306396958645
stochastic,100,silverman,4.252767894750565,1.662796506454879,3.832018159975344,0.9192051561308273
stochastic,100,cv,3.22687987202932,1.494973118109527,3.2420458135501224,1.0358397939074269
stochastic,100,loocv,0.4859124707755794,0.5452268597931621,1.0142238604122809,136.42145807157402
stochastic,101,silverman,15.459596749096328,2.771804817381678,9.926597090461758,0.4700612287435968
stochastic,101,cv,15.33002917204474,2.7250900322817024,9.868684016280085,0.5354751973566074
stochastic,101,loocv,13.684621452710937,2.631105584578296,10.045981394441771,0.354451105056025
stochastic,102,silverman,1.1864697961586603,0.938376974354232,2.032319949454285,0.7960071459439814
stochastic,102,cv,0.7764408675422745,0.8590390762273166,1.1458469999223453,13.97055078092925
stochastic,102,loocv,0.7883911451658341,0.8646858910546974,1.1483436863611813,118.13718427255054
stochastic,103,silverman,1.2538875981771243,1.013003320468912,1.783875433691941,1.3209292504510304
stochastic,103,cv,1.8607974403072107,1.1975855154843098,2.4440868393374027,0.9552548858022227
stochastic,103,loocv,1.6708867723414957,1.143687869720319,2.246768092522885,1.0456013264552861
stochastic,104,silverman,3.1010415319184332,1.3600677635214615,3.9455245852048977,0.9458302579889908
stochastic,104,cv,1.5766078482405796,1.0770203637760911,2.2868485005301182,140.37295981820554
stochastic,104,loocv,1.5766078472978222,1.0770203634474897,2.2868484990736575,140.37314521833775
stochastic,105,silverman,1.3620389646743183,0.9377934732743409,2.7583895849741613,1.0762690552970118
stochastic,105,cv,1.653393828596332,1.0739906805145878,2.9027869245209255,0.873830652893691
stochastic,105,loocv,1.421306617515888,0.9702593192662304,2.790977948753539,1.0262826141055659
stochastic,106,silverman,1.426161073684434,1.1713008420021203,1.2690858843101736,0.9296849701943622
stochastic,106,cv,1.670359843039916,1.2810390001584275,1.615491680620446,4.156947497413851
stochastic,106,loocv,1.5652478203073437,1.2425809188052641,1.55873972757053,3.326747113281818
stochastic,107,silverman,20.480554826657077,2.8253538049810607,15.293418180059,0.7515707965263426
stochastic,107,cv,24.366652680108253,3.164140540242286,2.8683608236895966,0.45442682883322366
stochastic,107,loocv,24.47575004831631,3.185956110541969,3.023741721263927,0.4239074646571596
stochastic,108,silverman,3.2274566300522536,1.4093961685839267,0.8655064875857397,1.0774049775775039
stochastic,108,cv,2.7946533449507585,1.395205091136445,3.766589355746605,3.5397142811803013
stochastic,108,loocv,2.8290579247423464,1.4200294449842887,3.664462905485452,4.197872658465506
stochastic,109,silverman,2.482393101277035,1.5077280016483168,2.536247664427306,1.218820974206243
stochastic,109,cv,2.2591871022418335,1.4891713952740346,1.6506719462397337,180.88843816030538
stochastic,109,loocv,2.259187102244318,1.4891713952751702,1.6506719462454642,180.8884276378295
stochastic,110,silverman,2.528034880224435,1.48012250530644,2.4993020335396103,0.8143857016802961
stochastic,110,cv,1.8686678330575845,1.3150742155341093,1.855961019359815,120.86501511381262
stochastic,110,loocv,1.8686678326529722,1.3150742154066442,1.8559610191204132,120.86486389800855
stochastic,111,silverman,0.8331135262522172,0.8563298794024882,1.196493385774753,1.3795543785254814
stochastic,111,cv,0.6438336789659966,0.6883731600617149,0.8976985301772384,2.7847412729088483
stochastic,111,loocv,0.6717421061475436,0.7163803862945721,0.9426474188195995,2.448304248222788
stochastic,112,silverman,6.110305953430307,2.113704580091207,3.803574157096722,1.0882884616359616
stochastic,112,cv,1.7200563893019634,1.0047312799792047,3.039105960965591,161.51544851895255
stochastic,112,loocv,6.945475860264965,2.174727754702122,1.8566226318166177,0.49756727077030094
stochastic,113,silverman,7.743430146039492,2.1732996229946147,7.089545730789858,0.8015468146888501
stochastic,113,cv,6.980997820545,2.0949802462933396,6.729860601031529,0.852377534505988
stochastic,113,loocv,10.489926020110165,2.4541524000703507,7.798883454055037,0.5905422918998844
stochastic,114,silverman,2.720754601319885,1.2329052301386434,0.8249286928464072,0.9874495962779861
stochastic,114,cv,1.233829912572229,0.9399843326234941,2.329375908010934,6.53212579084784
stochastic,114,loocv,2.0673393593115836,1.0420964235048245,0.6014683124981659,1.69781994917622
stochastic,115,silverman,3.102978127417059,1.4329559359613928,3.763753498388283,0.7590311664612224
stochastic,115,cv,1.7152769100279732,1.2392554569647332,1.8622077181861931,112.64951936994859
stochastic,115,loocv,3.1078547606408335,1.4389518572625946,3.76389390640635,0.7901178363899457
stochastic,116,silverman,1.011006046641768,0.9569743155574917,1.095569216716107,1.2151363768626118
stochastic,116,cv,1.0049330579697593,0.9774980184175124,1.1031136835359352,180.34119312245636
stochastic,116,loocv,1.0049330579755775,0.9774980184190183,1.1031136835293798,180.34116743468823
stochastic,117,silverman,1.8559776680935827,1.0752295934118083,1.5601713265257873,0.9751771585894383
stochastic,117,cv,3.378863531829697,1.4296896903155523,3.40434927814635,144.7282113361896
stochastic,117,loocv,3.378863532972593,1.429689690522845,3.4043492789497667,144.72838693417586
stochastic,118,silverman,3.929048733503263,1.6165447656887735,5.142903234763219,0.7522768013423279
stochastic,118,cv,1.8293549158275964,1.301306094415329,1.7907412597890502,3.3918614300699
stochastic,118,loocv,2.121309406014178,1.3772524711607987,2.168632431081923,2.5094266124365325
stochastic,119,silverman,4.680292405218975,1.5637013557350663,2.351579213867861,0.5718749513744584
stochastic,119,cv,2.9655434125374684,1.211737122179628,0.8094247226353317,1.433336133813069
stochastic,119,loocv,1.7299923283915606,0.9356022500067174,3.628115367250251,3.1768572859514674
stochastic,120,silverman,1.5973604989170653,1.0493608681493827,1.6354596576381601,0.8553126219166186
stochastic,120,cv,1.4027596484219795,0.9976443351898614,2.1453530975334476,5.267792656292195
stochastic,120,loocv,1.369848391567822,0.9810858686089181,2.0194499410604414,8.334726318709308
stochastic,121,silverman,8.753922829381013,2.0468449726595757,1.4693173749604225,0.7053515274246461
stochastic,121,cv,1.2373241886934478,1.0042654154157904,2.2158428717685035,104.68294826835009
stochastic,121,loocv,1.3500865045828179,1.0325824452947598,1.5975874304469966,1.911177928378304
stochastic,122,silverman,1.459509845960098,1.0009944832739874,1.2492627670603655,1.113163383398018
stochastic,122,cv,0.30299135506843705,0.464007598362015,1.3085854106972516,165.20740841307233
stochastic,122,loocv,0.3029913550728735,0.46400759833709687,1.308585410787118,165.20731767460077
stochastic,123,silverman,3.8690532031553704,1.3771838731089736,5.2477829031344125,1.3255571019847638
stochastic,123,cv,4.1701329014802955,1.4893344859672344,0.8665441485078058,0.607323821875976
stochastic,123,loocv,4.170145308411914,1.4893389301512636,0.8665673949347652,0.6072991254280279
stochastic,124,silverman,0.9473743076733909,0.8190099798818489,0.7933760742724978,1.15607277527765
stochastic,124,cv,1.450020537563363,1.0673099818641065,1.9424631957143372,171.5756164332136
stochastic,124,loocv,1.4500205375556785,1.06730998185814,1.9424631956901044,171.57562711339708
stochastic,125,silverman,4.483671434778926,1.7268432762542836,5.889454843367835,0.8822706143178783
stochastic,125,cv,4.403183341777753,1.7845773364874131,4.407985813675831,3.5492029641879084
stochastic,125,loocv,4.339078541508137,1.7810350187443433,4.283587980479423,4.541723510363805
stochastic,126,silverman,36.980691442884606,3.4890306913704716,19.369846637804635,0.724504247408784
stochastic,126,cv,0.7222302493663149,0.823414178893846,1.01638669031305,3.5412973814250552
stochastic,126,loocv,1.0847737045467614,1.0232209794257892,1.2894859288908453,30.99330815201223
stochastic,127,silverman,1.6499108713700164,1.2194832453224311,1.7293214816523974,0.8440803497376245
stochastic,127,cv,1.8624909903806703,1.3055308534867411,1.8843245816114411,2.7569937575581003
stochastic,127,loocv,2.1944900461966252,1.4002010994332685,2.13739790340843,125.27193423143721
stochastic,128,silverman,38.20757731084641,2.9028237385075286,1.813888405564632,0.6389712887531942
stochastic,128,cv,3.071936691520893,1.5603483965453853,2.870476066820064,94.8312567850223
stochastic,128,loocv,3.0719366911635477,1.5603483964757578,2.870476066539575,94.83135068093422
stochastic,129,silverman,0.5856164201105791,0.5635761954685604,0.8744116045798893,1.0869289053096935
stochastic,129,cv,0.6782250377257644,0.6457350158459261,0.7645105008494864,1.3533805292772938
stochastic,129,loocv,1.191106037040186,0.9571958035914016,1.7706049989690826,161.3134699886952
stochastic,130,silverman,31.85660567141956,3.2434595303002154,18.783041604613615,0.6294977284640326
stochastic,130,cv,1.1138394616379828,1.037022590857791,1.221485707767839,93.42526630639594
stochastic,130,loocv,1.1138394617094405,1.0370225908858273,1.2214857077821937,93.42532893314309
stochastic,131,silverman,1.8551113808428406,1.2487422193850135,2.0783429720853754,0.8353154912076282
stochastic,131,cv,1.6056034292881862,1.1028931769935553,2.234836576926751,1.8434038650105757
stochastic,131,loocv,1.638684407608373,1.1060687828530493,2.3942229563657533,1.9718485055811166
stochastic,132,silverman,0.8798450395712277,0.8643677186374076,0.8892203171731194,0.9593060123022866
stochastic,132,cv,0.6765349843538164,0.6851417215464982,1.8562767192782292,142.37278432182654
stochastic,132,loocv,0.6765349849592227,0.6851417217380542,1.8562767208822681,142.37303194464386
stochastic,133,silverman,1.5551850653107964,1.1032850888189618,2.07193253490657,0.9328167018340908
stochastic,133,cv,1.2306666020977248,0.9511733309314505,2.020893582398737,138.44149661445033
stochastic,133,loocv,1.2306666020911643,0.9511733309290897,2.020893582365034,138.44150242812125
stochastic,134,silverman,1.3224434202553135,1.0509631403535498,1.5175938164930136,0.9215140786648585
stochastic,134,cv,0.35783285382291136,0.5397358153678725,0.781923659609014,2.8370771587926575
stochastic,134,loocv,0.9259354825233983,0.876865161804649,1.1859480409690537,1.3122565602670464
stochastic,135,silverman,0.14703234863682701,0.30098393521185335,0.8220484197085964,1.1333109544606799
stochastic,135,cv,0.6378603244253784,0.733298860751603,1.1987774390651922,168.19752157428616
stochastic,135,loocv,0.6378603244588162,0.7332988607651327,1.1987774391015842,168.1975473833202
stochastic,136,silverman,22.36352159073241,3.3396062043238386,10.648130916138623,1.174280072560698
stochastic,136,cv,0.64717759139354,0.5931977769886373,2.00231432100715,174.27780225477156
stochastic,136,loocv,6.246546080936533,1.8163919474436379,7.763707543962756,0.2564189572425124
stochastic,137,silverman,6.4562551093104315,2.255423868540439,4.361783027774665,1.0014151065227974
stochastic,137,cv,6.665293558198806,2.1746352997745673,1.5719257041784096,0.581463286355308
stochastic,137,loocv,2.6600711444834504,1.562821563618944,2.267825189685796,148.62234716762813
stochastic,138,silverman,4.315204299217874,1.6111416310484232,3.8215655955652306,0.6884224946560993
stochastic,138,cv,4.4584216837349135,1.6310490430172466,4.555927706927539,1.3314194086141071
stochastic,138,loocv,1.5929520358632636,1.159505420391672,1.9249919953503336,102.17051864444076
stochastic,139,silverman,3.6267137638678957,1.2989369889590978,0.8622808658814722,1.220297571037781
stochastic,139,cv,0.5186938730532533,0.5425818207811026,0.41526968832612865,2.8248363193942114
stochastic,139,loocv,0.7012119000444613,0.6315329759993372,0.4712882990902083,2.589907528777878
stochastic,140,silverman,0.7108839626902567,0.6876667402451565,0.7552099532624665,1.3206193756364524
stochastic,140,cv,0.05042649217933999,0.1706921011634928,0.49496094803992063,5.193674580089684
stochastic,140,loocv,0.06794490306815437,0.1859991397399768,0.5582174878283737,6.295815579118626
stochastic,141,silverman,3.3254952769895136,1.5421525649994696,1.5866062019929008,0.8995997304941594
stochastic,141,cv,25.346880095937962,2.8300408091509244,2.622376443482654,0.33444695012556896
stochastic,141,loocv,288.99886456178535,6.882201618943295,1.617305302936337,0.1412313002398844
stochastic,142,silverman,1.1866279660545975,1.0567938717538277,1.2293150940399085,1.0904742224788175
stochastic,142,cv,1.2703441593267937,1.0998738751763768,1.5190202923281664,4.136485934654046
stochastic,142,loocv,1.151334021913485,1.0356822879649288,1.4338375104902716,2.866886148369628
stochastic,143,silverman,8.63141950397861,1.7748406435116708,2.7858078744783916,0.8262417743376509
stochastic,143,cv,2.070836262931504,1.2320189298744268,2.444504333717081,122.62441778958143
stochastic,143,loocv,2.0708362628100767,1.2320189298455229,2.444504333584305,122.62444298487029
stochastic,144,silverman,25.157409326309853,3.456776868300769,2.032927468002459,0.8103947941351367
stochastic,144,cv,8.238140354474925,2.3246055285683664,5.203476493689244,120.27266914195422
stochastic,144,loocv,8.238140354490609,2.3246055285700775,5.203476493697613,120.27267137970537
stochastic,145,silverman,4.4258107378698535,1.7049141953779088,2.523615590272376,0.8132641751417504
stochastic,145,cv,4.472183403312107,1.6894610375355368,5.012892736120934,1.2067852785538131
stochastic,145,loocv,4.471920641327432,1.689211672840985,5.01509751709836,1.2136423044372442
stochastic,146,silverman,1.7303128954558966,1.1195773616435594,1.2192403553162343,0.8973613044539499
stochastic,146,cv,1.0159493084795084,0.8416586031382082,1.592119051807602,3.6241248159364874
stochastic,146,loocv,0.9913837134674024,0.8295601988363739,1.641033267874528,3.885788086478463
stochastic,147,silverman,3.3497902024731547,1.6416168279394894,2.9092093655948696,1.1030044016665561
stochastic,147,cv,0.8320891219896818,0.6970151913147071,2.2091378954167546,163.6993064684425
stochastic,147,loocv,0.832089122002489,0.697015191321869,2.2091378954345413,163.6993012502609
stochastic,148,silverman,1.3772339486776266,0.9967577191410207,1.898598988376679,1.173164514011492
stochastic,148,cv,1.009450970799739,0.8776825212394863,1.466984886514357,2.5411762383985637
stochastic,148,loocv,1.0472850365891797,0.8888985959577459,1.5252757968005697,2.3789386745303456
stochastic,149,silverman,5.252810162190639,1.7056979025678338,2.376468866047703,0.6233333682522201
stochastic,149,cv,5.40786790426357,1.7316243086693623,2.419662490167894,0.4881393575645591
stochastic,149,loocv,5.207612589874969,1.6969150944661098,2.357159575171383,0.6482870588483564
stochastic,150,silverman,1.2123025898514244,1.008904780380485,1.3798489403778078,0.893602446215629
stochastic,150,cv,1.4182703191169663,1.0920597581085323,1.4389041496603088,0.7407649741890274
stochastic,150,loocv,1.0997274619569948,0.9833493010322409,1.1735128885542792,1.9868832409848525
stochastic,151,silverman,1.2473835477025392,1.0394812820936004,1.5189844121768432,0.7349254648531214
stochastic,151,cv,0.861894452174806,0.7997890353758951,1.349999628273911,2.0766904921489076
stochastic,151,loocv,1.255801204777849,1.0403903274015958,1.5444493790756955,0.5818126792165782
stochastic,152,silverman,1.4582769833679206,0.849884513123409,0.7347252405728224,1.0690173122813602
stochastic,152,cv,0.6380287686049319,0.48287729933571005,0.24021739577457302,2.845924895037317
stochastic,152,loocv,0.7159949368094458,0.5099180834649666,0.2802061413568695,2.5579732614859565
stochastic,153,silverman,0.8619198455851782,0.7168831598096108,2.824754111241811,1.0614362717841481
stochastic,153,cv,2.679076986127173,1.2831624076275139,2.469072974599899,0.3138698520746495
stochastic,153,loocv,0.6866700268950152,0.7648065905337784,1.6599680576547358,157.53030883944535
stochastic,154,silverman,3.8085519475669902,1.6792206516496933,2.3133149388223786,0.9238324672549283
stochastic,154,cv,2.7271632233673966,1.51978108064012,2.556509627686214,137.10803139924406
stochastic,154,loocv,2.7271632226004807,1.519781080474921,2.5565096268872955,137.1083254451026
stochastic,155,silverman,1.0215168495421656,0.8605786950742895,1.0481164522482658,0.7978872521461293
stochastic,155,cv,0.47031509155840207,0.6283050078851871,0.9953312777171119,2.2151684513375964
stochastic,155,loocv,0.5100414704447359,0.658235350272266,1.1445459320094324,2.7175030120590273
stochastic,156,silverman,1.3549184981092863,0.9703767430953836,3.0882621997559405,0.9454255799346853
stochastic,156,cv,1.2895261450031956,0.9790544442543383,1.0136267628060953,0.3460328567169959
stochastic,156,loocv,1.289559133708599,0.9790890022568615,1.0135409994383562,0.34613053370698493
stochastic,157,silverman,2.637550765076587,1.4028259254469335,3.783356987977423,0.84474181928142
stochastic,157,cv,1.7267269980915292,1.2984172777421912,1.4642570837248141,125.37009739987398
stochastic,157,loocv,1.7200573975935423,1.2961854663775396,1.462478289131774,16.80533348432259
stochastic,158,silverman,0.8872478115774644,0.8767734499012583,0.9393543254712131,0.6934735010061586
stochastic,158,cv,1.5256064200125816,1.140656138872494,1.859182493793511,102.91989303997438
stochastic,158,loocv,1.140632309258046,1.005601249159232,1.5465451409524575,2.6808168395916265
stochastic,159,silverman,1.0254894263600722,0.8542701106456304,1.2393521120391147,1.0059920869685541
stochastic,159,cv,3.662275851330177,1.6625963400838133,3.2382718974134583,149.30188290823642
stochastic,159,loocv,3.662275850616424,1.6625963400443715,3.238271897694319,149.30171835750457
stochastic,160,silverman,3.066465717470849,1.5351467191558013,3.1645240780610435,0.874226576895252
stochastic,160,cv,2.6072527460732347,1.4330380675637557,2.646374481763779,129.74592814187494
stochastic,160,loocv,2.6072527456683092,1.433038067467459,2.646374481309244,129.74603213193421
stochastic,161,silverman,1.103719704806865,0.818350896316058,1.9918210933404492,0.9632394794518229
stochastic,161,cv,0.5734589197366615,0.5979919402054901,1.2991237635246755,142.95669379457004
stochastic,161,loocv,0.5734589197378595,0.5979919402036775,1.2991237635123625,142.9566854532898
stochastic,162,silverman,1.5504169716032374,1.0816493604993878,1.4169577730275633,0.8119188829059608
stochastic,162,cv,1.4183089751819438,0.9185226277477714,1.0421134483216368,2.072653257817057
stochastic,162,loocv,1.169024916320677,0.8532564573811403,1.0048143384557204,2.2922128162708026
stochastic,163,silverman,20.202198662187783,2.749722243398279,1.0786369875676325,0.5598560310993602
stochastic,163,cv,2.108639265166528,1.313623494329621,2.3007106870610716,83.0895458875202
stochastic,163,loocv,2.1086392660543547,1.3136234945579788,2.30071068804078,83.08962021853993
stochastic,164,silverman,0.40409608371761013,0.49494285668911386,0.6034410046397907,1.4766896738004147
stochastic,164,cv,1.089749649991072,0.9202216901291899,1.721621102212342,7.470691772676185
stochastic,164,loocv,1.0803018964098123,0.9198379769045671,1.6646583210346966,23.58186733116546
stochastic,165,silverman,0.3152181236714333,0.4704597594157959,0.8234976248004573,0.9918516980092663
stochastic,165,cv,1.0776900593410472,0.8720963893126358,2.269454591253776,4.852711242685341
stochastic,165,loocv,1.0759295053289748,0.8711856766567642,2.2715186659081534,4.825024707296272
stochastic,166,silverman,1.7016238618632311,1.2077718209300479,1.802115583436251,1.4553238117950666
stochastic,166,cv,1.7707645751485588,1.2044069539825042,2.3641401117850074,0.7217442800313162
stochastic,166,loocv,1.6982527866738524,1.2066380134370576,1.8007188403426695,1.4606310239981941
stochastic,167,silverman,4.959182244563556,1.471824020093522,6.62501062777559,0.6341858763526561
stochastic,167,cv,1.2261983037866495,0.8281723313858619,2.633331826429666,94.12096930243499
stochastic,167,loocv,1.2261983039113669,0.8281723314062954,2.6333318266519945,94.12101205052558
stochastic,168,silverman,1.4425354591958128,1.0147776303568237,1.3802256556943382,0.9198983957932997
stochastic,168,cv,1.8598970160574315,1.350177672295635,1.5538225506792362,136.5242271999601
stochastic,168,loocv,1.8598970160357693,1.35017767228786,1.5538225506620853,136.52421296523002
stochastic,169,silverman,0.6988444260699838,0.6706759848723294,1.1056637490642203,1.1504121056782899
stochastic,169,cv,0.968563696477758,0.8141506135593808,2.2357942805861826,7.189820518504733
stochastic,169,loocv,0.9464948927695674,0.8072155170505158,2.163793672885888,14.765260518200208
stochastic,170,silverman,3.6085192312645464,1.476334832344845,1.5962931678379837,1.089150938512434
stochastic,170,cv,0.5931331441738111,0.6438754202695175,1.2713663145697056,2.313921309377021
stochastic,170,loocv,0.7992366115245394,0.8774626876752892,1.046419105839467,7.767432520947189
stochastic,171,silverman,1.2120063565236348,0.9732706831994833,1.9424626795653563,0.8412910866825086
stochastic,171,cv,1.2001394020340772,0.9664972563828339,1.7502233918362036,1.773808361905444
stochastic,171,loocv,1.2786882187223423,0.9841360005713462,1.9316663415552542,1.3559761015217906
stochastic,172,silverman,1.0196588580055117,0.7825126695366593,1.234377016269137,1.0742774615987627
stochastic,172,cv,0.8191896424172015,0.6657605285361875,2.1764686705392866,5.535898560159842
stochastic,172,loocv,0.7829926245260819,0.6490746491698678,2.1785714274897647,159.43617255188798
stochastic,173,silverman,208.32868159841166,7.738044144397365,43.97577537068244,0.6845090103432742
stochastic,173,cv,0.10374958608609175,0.24361957065688158,0.34437434602506256,101.58950358839844
stochastic,173,loocv,0.10374958631897505,0.24361957101935827,0.3443743464373026,101.58958885214469
stochastic,174,silverman,1.772834213543231,1.218375748004047,1.4252755835239748,0.9520482202350109
stochastic,174,cv,1.1279383893838821,0.9705739487095149,1.2717746733606574,1.767467792622456
stochastic,174,loocv,1.3920609829857726,1.078325677478476,1.237711167160544,1.3601965067732968
stochastic,175,silverman,2.3373537361223566,1.2528914214373628,3.48746889693094,0.7719510888654288
stochastic,175,cv,1.1157985279735334,0.9048995282125472,1.9187042202823545,114.56696219488418
stochastic,175,loocv,1.1157985280571727,0.9048995282492328,1.9187042203462323,114.56694803626644
stochastic,176,silverman,1.1218267135119087,0.8564887163887072,2.0087067664366245,1.062814845826962
stochastic,176,cv,1.3575898456242963,0.9045618620956994,2.6892086802055495,157.7350937095142
stochastic,176,loocv,1.3575898455589093,0.9045618620852739,2.689208680102654,157.73512742493048
stochastic,177,silverman,21.234861460466576,3.4024109880501974,11.810787753531983,0.7946588665184684
stochastic,177,cv,21.48291911863181,3.3915116647405252,11.912624664295002,0.6617575191113192
stochastic,177,loocv,18.578573849453676,3.3159376884471925,9.864345731882546,1.2217728455241168
stochastic,178,silverman,25.364331716558006,2.8963351514727362,16.85893763248177,0.6093376800368022
stochastic,178,cv,0.7588720605454014,0.6834742419303,0.9159492848235549,1.210439896409131
stochastic,178,loocv,0.6768703622635948,0.6184069880659032,1.9360069560786752,1.9658411775116231
stochastic,179,silverman,1.73380219928197,1.1321747719273,1.4278940484394478,0.826218557987883
stochastic,179,cv,1.6543827310898946,1.0499629169099856,1.1254880630418027,1.462181824915328
stochastic,179,loocv,1.7041050384472765,1.0662766025979447,1.1453577069015108,1.4033678281293056
stochastic,180,silverman,4.5181185586196415,1.4131726468573518,2.030399585254903,0.905293454818054
stochastic,180,cv,0.4886312953295269,0.5757228367901082,1.1538544699646311,134.3568822744641
stochastic,180,loocv,0.4886312961458563,0.5757228374327784,1.1538544728229652,134.35679189275754
stochastic,181,silverman,2.159522911894639,1.2852299639745173,1.8899832960639258,0.8032370182351953
stochastic,181,cv,0.9983326623188098,0.9771987852826794,1.124383680434474,18.91909112888419
stochastic,181,loocv,1.0007763570099721,0.9775590957997652,1.120441817229167,119.21031852082207
stochastic,182,silverman,8.687577131295393,2.044073930965314,8.307097612786665,0.6145720844798704
stochastic,182,cv,1.9169099072306555,1.2458699033347653,2.388075914267195,3.122165146584746
stochastic,182,loocv,1.859719116323478,1.2299134479886622,2.3286821324515072,3.3474568436943044
stochastic,183,silverman,1.70008122377734,1.1208332917576713,2.1781202248543874,1.1131108668283975
stochastic,183,cv,0.4207103948028458,0.5970308279259784,1.0492196876828013,6.622827418353427
stochastic,183,loocv,0.4325102408895867,0.6037135033485272,1.0614563860624107,6.8050545009024574
stochastic,184,silverman,2.2290570465122825,1.1970783257723299,1.4061792191841576,1.2213764234126332
stochastic,184,cv,0.4983525983168167,0.6452178031210352,1.4675713420298033,181.2676514994373
stochastic,184,loocv,2.894425811100485,1.4065545391682517,3.1283174145165704,0.6397400234782734
stochastic,185,silverman,3.0496720179041095,1.4883842032967496,2.0197829285952356,0.6152516815426176
stochastic,185,cv,2.975733800587969,1.57149112730595,2.7262903288212192,91.31103965693225
stochastic,185,loocv,2.9757338018016686,1.5714911275634973,2.7262903299330383,91.31094674099715
stochastic,186,silverman,0.8350224428417837,0.7682759743591157,0.8012675468872501,1.0500948852473437
stochastic,186,cv,0.7175920955180716,0.8233633855209506,1.0990462568845765,155.84699553416112
stochastic,186,loocv,0.7175920955084317,0.8233633855083664,1.099046256826668,155.84717256545815
stochastic,187,silverman,0.7064599235598714,0.7251874596281686,0.8279171080589234,1.1953661507844233
stochastic,187,cv,0.6721457944278244,0.6175971237172226,1.9902071156083305,7.6345525581770675
stochastic,187,loocv,0.6544430670696717,0.5968713270114285,2.0134397777875286,177.40708066933277
stochastic,188,silverman,6.272171026920501,1.8018091547899406,1.0569946629579403,0.6314388155863169
stochastic,188,cv,2.147287261831688,1.2497091579588901,2.2295461289549316,3.6036194694456105
stochastic,188,loocv,1.4765959127904624,1.0628074989507263,1.821377105644173,2.4520573679275834
stochastic,189,silverman,0.719303285572769,0.7188046288653285,0.710587914683076,0.8868539211562357
stochastic,189,cv,0.5282344855998862,0.6913338754084586,0.8138537155036052,131.62002732794838
stochastic,189,loocv,0.528234485625931,0.6913338754016013,0.8138537154008749,131.61996100350896
stochastic,190,silverman,13.794903532533736,3.0453851848918245,7.022723349235434,0.7268724473551804
stochastic,190,cv,10.037223708204527,2.567551321423246,5.758828357467538,107.87688101544802
stochastic,190,loocv,10.037223703401098,2.567551320911648,5.758828355611143,107.87675405319351
stochastic,191,silverman,0.3688482756050554,0.5469748090990485,0.825916040386677,1.0122371129829586
stochastic,191,cv,0.45246758885390875,0.6199554150358106,1.380748177796784,150.22844285481062
stochastic,191,loocv,0.45246758884922983,0.6199554150307222,1.3807481777960147,150.22843488791727
stochastic,192,silverman,5.405165002897463,1.4102183523516758,1.176446590921314,0.9094652255022999
stochastic,192,cv,1.071728685753138,0.9825515380472416,1.8928331121524986,134.97579607032603
stochastic,192,loocv,1.0717286859589177,0.9825515381924614,1.8928331121411066,134.97613767482372
stochastic,193,silverman,6.665755571308514,1.8846420064413536,2.190419369907201,0.6812036072835084
stochastic,193,cv,1.4728768292144607,1.0430127830250855,2.2304876675083602,101.09915492210712
stochastic,193,loocv,1.4728768284112224,1.0430127826488902,2.2304876711516033,101.09894130395888
stochastic,194,silverman,0.24991967910301274,0.4304002271464094,0.811838706655005,1.2857008473256326
stochastic,194,cv,0.4314651356078911,0.628518428583405,0.8594243652639166,190.81414986981477
stochastic,194,loocv,0.4314651356779592,0.6285184286292191,0.8594243653684814,190.81426462037132
stochastic,195,silverman,3.603306447667717,1.411809005249846,3.7638637966022257,0.7713909779442545
stochastic,195,cv,2.150307120076106,1.1369638444238672,2.8584953755670397,114.48380195247235
stochastic,195,loocv,2.1503071210300306,1.1369638446962043,2.858495376234789,114.48394669455655
stochastic,196,silverman,0.3344442137903137,0.5313013033994439,0.791872063061533,1.3562179650507684
stochastic,196,cv,0.9300135340400276,0.8722825180067268,1.4709072405668209,201.27964197597524
stochastic,196,loocv,0.9300135340881859,0.8722825179897616,1.4709072406403143,201.27982491698572
stochastic,197,silverman,9.43901899622871,2.0896166364743505,5.813329670350788,0.6462055066051196
stochastic,197,cv,0.22968862001750195,0.43887533276142987,0.7614745021441527,2.275386605783178
stochastic,197,loocv,0.8273838131258004,0.7560214542021523,1.5345122203926371,95.90478820366442
stochastic,198,silverman,6.732128896085178,1.9840330033466864,5.576178896795282,0.5735007879153214
stochastic,198,cv,3.2088974080668646,1.3814014309067753,3.3663382891942004,85.11450964701183
stochastic,198,loocv,4.05799813161403,1.493884532717448,4.130710179301213,3.5774134048391955
stochastic,199,silverman,187.34209222955056,7.963721888294131,42.44942796255856,0.5801343936114588
stochastic,199,cv,17.993684531626034,2.653768406612042,12.119431388568051,1.0550463815828846
stochastic,199,loocv,0.40659301616627447,0.4672338537074276,1.1094275475514466,86.09926482108426
stochastic,200,silverman,4.395074998714016,1.605608417649845,1.4877794408506744,0.6992114781032956
stochastic,200,cv,4.436268640141122,1.6092012900457031,5.638251721907913,0.5151368175816893
stochastic,200,loocv,1.433135379901396,0.9962246097106857,1.9850436980357258,14.682689651003162
stochastic,201,silverman,1.044263564934981,0.8495417937341173,1.7653932600187965,0.8263517278449994
stochastic,201,cv,1.3652403135017863,0.9400773397636203,2.0435525656324645,1.4180327215979986
stochastic,201,loocv,1.3684706796994062,0.9487872802265527,2.051038079450967,1.5178373290418605
stochastic,202,silverman,1.2124905322639696,0.9518301448819162,1.086961091075545,1.178236641912489
stochastic,202,cv,0.35954209134089893,0.5671370225537893,0.7710515957450486,4.460968363691795
stochastic,202,loocv,0.36797071827790995,0.5741439863287326,0.7693297220245652,4.6805576175782475
stochastic,203,silverman,17.829615336558028,3.0000437383557097,4.432846518114541,0.5738189781593734
stochastic,203,cv,1.2968212059852926,1.1188010708493294,1.2620200279969247,85.16188916097906
stochastic,203,loocv,1.2968212059503594,1.118801070833051,1.2620200279660831,85.1619117351361
stochastic,204,silverman,0.3728513814978932,0.5158006279527145,1.2529586856945714,0.791022455962313
stochastic,204,cv,0.23714658572981545,0.3699566066912567,0.8323367996775672,1.605061238749704
stochastic,204,loocv,0.6125394779491062,0.5995918676288683,1.9078532879279262,117.3976200849103
stochastic,205,silverman,15.954653095916056,2.8866928740683537,10.04368298068784,0.6518731367480529
stochastic,205,cv,4.387134513563043,1.6439308434559323,3.8753669571292626,96.74595766525358
stochastic,205,loocv,4.387134510059006,1.6439308428937158,3.875366954963254,96.74593430016935
stochastic,206,silverman,3.6775406541251403,1.4659618472966518,1.3801481355860354,0.7302236283190344
stochastic,206,cv,5.679166702374777,1.9646422953234448,7.5667709956736875,0.16697268411805563
stochastic,206,loocv,5.748186031898692,1.9944342320358002,7.901022439826498,0.127556899545034
stochastic,207,silverman,33.18918118636936,3.854053288614243,13.947776956129843,0.6131495184202759
stochastic,207,cv,2.347492522975222,1.3356953793893158,2.5606335834093628,90.99895591810753
stochastic,207,loocv,2.3474925229384302,1.33569537938377,2.5606335833929696,90.9989367299844
stochastic,208,silverman,63.92377182534716,5.276469790817341,19.111287152300466,0.6363606261348471
stochastic,208,cv,64.29060019465099,5.290650492940118,19.18203981598537,0.6511537245496959
stochastic,208,loocv,64.22640668315934,5.288187235694059,19.16932564983845,0.648530503999523
stochastic,209,silverman,5.669757457411977,1.8537958128373253,5.375828112987414,1.1250848275637584
stochastic,209,cv,1.4205382313009964,1.162079185921017,1.4228014150915744,5.595356441413789
stochastic,209,loocv,1.454468895104234,1.1696960220419363,1.470338532946823,4.481727933749113
stochastic,210,silverman,3.29399562627295,1.2507634272299946,4.033136510685303,1.1622349482467267
stochastic,210,cv,0.9922656728804269,0.7244442199227932,1.838368404516467,172.490115361255
stochastic,210,loocv,0.9922656728775479,0.7244442199234168,1.8383684045065007,172.49010473100117
stochastic,211,silverman,2.1533690649713617,1.0525068413741823,0.9314695523825018,1.0501517556975124
stochastic,211,cv,2.583409357392414,1.2308728585053486,3.0078105481827673,155.8556720362153
stochastic,211,loocv,0.979915807050985,0.8066750133291006,1.6134782327132435,4.716825992404748
stochastic,212,silverman,1.0269629397875386,0.9175683702799594,1.3380921299293762,0.8539950426162758
stochastic,212,cv,1.4233816109288202,1.0720695032560854,1.68203129044135,0.21568838342762478
stochastic,212,loocv,1.3641239003021157,1.0382026506355009,1.6283970395319431,0.27176091480573417
stochastic,213,silverman,1.3469827701079353,1.1111452094918854,1.551602014459311,1.411830767038148
stochastic,213,cv,3.222132314643753,1.712723886246579,2.5504635747610456,209.53348981034006
stochastic,213,loocv,3.222132314254967,1.7127238861735647,2.550463574556517,209.53343411416515
stochastic,214,silverman,2.878602391476276,1.1392690520289617,0.7030234109970288,0.733328374741875
stochastic,214,cv,2.263244669981893,1.0122942002422257,0.622953138755717,1.3751960945101631
stochastic,214,loocv,2.7167279208131,1.097628044322327,0.6628105967454758,1.0186828881353462
stochastic,215,silverman,1.2474591844689915,0.8213340192382839,0.8341998992850603,0.9699210617997504
stochastic,215,cv,0.5626285171079976,0.7101104072597892,1.4192115574233308,143.9483849714456
stochastic,215,loocv,0.5626285171397454,0.7101104072607839,1.4192115576270838,143.94820880286915
stochastic,216,silverman,10.365855041142243,2.432802149197054,8.566160933566415,0.4846487034807621
stochastic,216,cv,3.146564908444025,1.481692609386486,3.7333267113095037,71.92789646983492
stochastic,216,loocv,6.3900753986792065,2.1071831316792102,5.394059815641606,1.2488674649520923
stochastic,217,silverman,5.806085617506635,1.9751672424513407,2.4723243825925874,0.6134970895871975
stochastic,217,cv,1.0320776847535498,0.8727120826942507,2.1616599537486323,30.94109904424721
stochastic,217,loocv,1.0329606241604774,0.8726297099806497,2.164538573300539,91.05048390650498
stochastic,218,silverman,0.7463737460881902,0.6870417683008883,0.9731316496096383,0.9712968974556063
stochastic,218,cv,0.7412127965916475,0.7562245099218206,1.6985084877691363,3.014260475425327
stochastic,218,loocv,0.7487916445822602,0.7684180213933086,1.6850103648290333,2.7218769739763933
stochastic,219,silverman,1.1150399604477994,0.8794192360395189,1.1576464469059315,0.8348470122881912
stochastic,219,cv,0.5932320028175945,0.6189125902953065,1.8098878174857196,123.90158406411784
stochastic,219,loocv,0.5932320028467595,0.6189125902990908,1.8098878175753585,123.9015467686695
stochastic,220,silverman,4.590345448847907,1.630613386453705,4.654503460381785,1.0064647431111553
stochastic,220,cv,0.6733767440888875,0.6761675008250937,1.067668145566535,2.2719490920254173
stochastic,220,loocv,0.7019487047569491,0.6884059571674369,1.1007576825342928,2.230018267600595
stochastic,221,silverman,1.4103609666909551,1.0462355357173103,2.4461682162140574,1.074837571001564
stochastic,221,cv,1.2601960970955042,1.058776786464414,2.066348931735349,159.51926760770712
stochastic,221,loocv,1.260196097023815,1.0587767864169373,2.066348931709596,159.51908441926605
stochastic,222,silverman,126.48383215869774,7.5734239029123644,26.939674139272643,0.43524668215364276
stochastic,222,cv,3.8980188091495727,1.7162456564777573,3.340197067925045,64.59595645613447
stochastic,222,loocv,14.115090689791966,2.231971016584684,1.1590714762493142,1.2404530061210062
stochastic,223,silverman,0.4013968331765293,0.4700782757197491,0.5891760455973025,1.4144324279702905
stochastic,223,cv,0.3472413897719521,0.42672717286506984,1.644221208508539,2.258827775870393
stochastic,223,loocv,0.4764186605834607,0.5422714866638462,0.2571632342453274,209.91957494016089
stochastic,224,silverman,15.355162855647922,2.426624756563034,1.2938693663780718,0.663183937510151
stochastic,224,cv,14.832356514633274,2.643515165649858,2.4198982081758587,0.19983838146882654
stochastic,224,loocv,16.40046913415734,2.7536323084972554,2.3868074950991476,0.20481280257902212
stochastic,225,silverman,5.907621833986871,1.7906703203983563,6.616361143483239,0.7158247355374728
stochastic,225,cv,1.6832402395695643,1.1203260732063063,2.438183856398935,106.23727351442632
stochastic,225,loocv,1.730840734898436,1.1317373856357638,2.5834839266051133,11.597067280239706
stochastic,226,silverman,1.4360676509238224,0.8197360889579192,0.9097887248067145,0.9288016647487782
stochastic,226,cv,1.4798760284602417,0.8838730096170629,3.044396414184555,2.4375992660758685
stochastic,226,loocv,1.4266301421035337,0.7349343911325357,0.24673282721189516,1.5850714984924672
stochastic,227,silverman,2.2054927466020424,1.232488880495366,2.087555711418457,0.7711365372031057
stochastic,227,cv,1.1762580951353614,1.0646877272244395,1.3604917483767072,114.44628716537333
stochastic,227,loocv,1.1762580951096222,1.0646877272141704,1.360491748362287,114.44629347209704
stochastic,228,silverman,1.0755393129581936,0.9464891078782866,1.5218674711820177,0.8950039007734746
stochastic,228,cv,1.179977461578014,0.8451401816436847,2.482432117529395,6.250698215625645
stochastic,228,loocv,1.1514421405302,0.8574412096754851,2.3094355298076414,3.731692897382544
stochastic,229,silverman,0.740221394150482,0.7415711278710657,1.1938636758094323,0.9226094941288119
stochastic,229,cv,0.5237854702161768,0.5984107730674004,0.6017116074433169,1.756781795223499
stochastic,229,loocv,0.5926656299825583,0.6448554302903131,0.843986875057801,1.441564192130977
stochastic,230,silverman,28.513570743462097,2.968126751938555,1.107055104371239,0.6543506799485501
stochastic,230,cv,0.49370052342638227,0.6506923264309821,1.002754490191075,1.6816774760723605
stochastic,230,loocv,0.7025233034604421,0.820122099617922,0.9770942216257019,4.187170080469124
stochastic,231,silverman,0.8071986408369617,0.7739384633218123,1.0766422959563724,0.8838282590359268
stochastic,231,cv,0.7684383199165212,0.7404892752254976,1.9360969721768948,131.17119198895705
stochastic,231,loocv,0.7684383199238497,0.7404892752256237,1.9360969721991355,131.1712124828065
stochastic,232,silverman,0.3573807354874279,0.5150318969503033,0.92851237656482,1.1757475792174086
stochastic,232,cv,0.45768554068942036,0.6409646263395266,0.7766053268637827,174.4955561935079
stochastic,232,loocv,0.4576855407345543,0.640964626378868,0.7766053269492454,174.4957002372376
stochastic,233,silverman,6.835539052713855,2.286349940546064,3.5402771251965683,0.8470100807922712
stochastic,233,cv,4.432871078351733,1.8729353752013314,3.4733887794682388,125.70695476798744
stochastic,233,loocv,4.432871082183336,1.8729353758429075,3.4733887824293976,125.70668404350712
stochastic,234,silverman,2.37012587326384,1.3621936335039193,2.4423035249063276,1.0271581291099683
stochastic,234,cv,2.2734757941449546,1.3364110078007112,2.358513623079129,1.1853517825213595
stochastic,234,loocv,2.248705084339649,1.4020917245964704,2.126660743888266,2.5587954722604787
stochastic,235,silverman,1.2235974532161924,0.9868704441026177,1.2319290192839016,0.852481441705714
stochastic,235,cv,1.8810895307107927,1.3239506684249853,1.8444649970521614,126.51891080656915
stochastic,235,loocv,1.8810895307105735,1.3239506684228288,1.8444649970631855,126.51891505760476
stochastic,236,silverman,1.2671141967876058,0.9934214767620092,1.43843852333693,0.9718867543310745
stochastic,236,cv,0.895236209092182,0.823703105056192,1.3926658914430496,2.4616388255615265
stochastic,236,loocv,0.934186384758305,0.8414220288633999,1.438712084867134,2.313825496195163
stochastic,237,silverman,3.534660165839049,1.4489514564142425,3.5264928675291034,1.1187876269166013
stochastic,237,cv,1.4276991008370779,1.117668336407329,1.7380774790935458,166.04181535843585
stochastic,237,loocv,1.4276991008145123,1.1176683364054796,1.7380774790721403,166.04183966170513
stochastic,238,silverman,1.331029561967485,0.9060549177980927,0.7557292075148552,0.947457775007275
stochastic,238,cv,0.09804936134788328,0.2687883877925954,0.5818765742790184,8.474274511064541
stochastic,238,loocv,0.05725041357681451,0.20744676561309797,0.4722109915278576,6.131456151094728
stochastic,239,silverman,5.080627479290705,1.9555094731719131,4.580446114573646,0.8246362258537432
stochastic,239,cv,6.6841766020181215,2.1825862704256815,5.972189168258817,0.35690053121012855
stochastic,239,loocv,9.37552872881837,2.536199900988762,6.233426776484446,0.21910036605207533
stochastic,240,silverman,9.946573533557247,2.544773408696184,6.98071907914707,0.7250483359779526
stochastic,240,cv,7.328179525767112,2.2700134892864576,5.714138567649975,1.754988960421236
stochastic,240,loocv,6.135734197569167,2.123193488505512,4.944758666916775,2.298465264885639
stochastic,241,silverman,0.526613012476972,0.6182165717963233,1.311865459311084,1.156345737779677
stochastic,241,cv,0.49604616254825223,0.6777851376758044,0.9164163604388627,171.61594048344156
stochastic,241,loocv,0.49604616254760453,0.6777851376762496,0.9164163604511883,171.61596197239908
stochastic,242,silverman,6.069550830909229,1.7793090645876792,1.9191287065673786,0.6846425045322851
stochastic,242,cv,2.120835785876248,1.3913677698854396,2.0264869922993682,101.60954208540447
stochastic,242,loocv,2.1208357858225084,1.391367769871135,2.0264869922365896,101.60955678088158
stochastic,243,silverman,2.3757837139728166,1.526544719142818,1.7623822163924865,0.9161795639194876
stochastic,243,cv,2.626577359155794,1.6091810032405742,1.8578103832765809,135.97231775144073
stochastic,243,loocv,2.6265773591558768,1.6091810032405969,1.8578103832765867,135.97231778320094
stochastic,244,silverman,1.7869854733522872,1.082258247590767,2.5039123417911116,1.0583115354769355
stochastic,244,cv,0.06946547856292931,0.21830782398222925,0.41250032180242213,157.06660553684767
stochastic,244,loocv,0.06946547856302301,0.21830782398239013,0.41250032179992857,157.06660421190546
stochastic,245,silverman,1.902285378034273,1.0704189943810989,2.636230016320184,0.9486406215711616
stochastic,245,cv,2.0014165842055274,1.0920838833497197,2.705244491425995,0.8976671917098497
stochastic,245,loocv,2.4650024154235837,1.1756481759161683,3.115826459521827,0.712615843549916
stochastic,246,silverman,2.9540739098107016,1.5457940294657977,1.413267135438741,0.9110183101658321
stochastic,246,cv,2.1716401393125673,1.2315553726684065,2.05666408402657,2.909705195852487
stochastic,246,loocv,2.21070743872009,1.2414479511953824,2.027690046868064,2.833983667656413
stochastic,247,silverman,2.2473537563590837,1.2989918399213152,2.718193285025298,0.64096439448898
stochastic,247,cv,1.199021431063195,1.073603041404943,1.46071589476012,4.430123208566631
stochastic,247,loocv,1.5587580496030722,1.2143848660946168,1.701514432656127,5.569827212779563
stochastic,248,silverman,6.510158378193418,1.731320043085998,1.1548893244135372,0.7793181742147618
stochastic,248,cv,6.3017920777280505,1.6698482549057845,0.8855110798863612,1.6350184807171335
stochastic,248,loocv,6.445633944263767,1.6938792980143176,0.906384052323707,1.5254516866135603
stochastic,249,silverman,0.7246630495317907,0.7537623883644992,1.0449755965315415,1.1296876064176504
stochastic,249,cv,0.7441741778852057,0.765073461195642,1.056369950192856,1.1084827609856356
stochastic,249,loocv,0.4383251296229629,0.5600317729250333,0.8542594151266834,1.5419683702510987
stochastic,250,silverman,0.4376491876306999,0.6090483974238725,0.8690806346505182,1.2435744291347968
stochastic,250,cv,0.4020809002406841,0.618327435609338,0.8969981559690714,4.647524056637112
stochastic,250,loocv,0.4418972853194808,0.6412054285673146,0.83613565451361,9.049466552790207
stochastic,251,silverman,1.923011878934511,1.2225789125580486,1.5284602397922877,0.9540941111823819
stochastic,251,cv,1.7758595510126263,1.1369991206675116,2.03118475061169,4.1909191795291045
stochastic,251,loocv,1.3557863595983322,1.0414212971921855,1.732135822466868,3.093626128763414
stochastic,252,silverman,1.7038513946485379,1.1119636942686564,2.78919982562546,1.2152584761527216
stochastic,252,cv,1.215932824302978,0.9202612489697576,2.0358997845246427,2.0344327586333644
stochastic,252,loocv,1.3294062618198037,0.9542612139673083,2.189989556854427,2.2714993706192783
stochastic,253,silverman,28.79781555094096,4.109148048475296,10.834656445281862,1.043290036256605
stochastic,253,cv,30.203374644781853,4.354659643902209,10.591659535626953,0.5870393523681187
stochastic,253,loocv,2.1353705441917716,1.263495140310877,2.7721599635199285,154.83731256093128
stochastic,254,silverman,2.200329111714791,1.3326199774454972,2.3041093199441747,0.998591386737187
stochastic,254,cv,1.3706799622192332,1.0167355139254328,2.2371146058821685,28.88407618114685
stochastic,254,loocv,1.3601030515304555,1.0123413067644684,2.2380556344726585,148.2030940240293
stochastic,255,silverman,3.2427975709176167,1.1737917510689153,4.844031512172789,0.7672434083683273
stochastic,255,cv,2.4609359200366727,0.9602251932591538,0.5206618168947061,1.4161492071563229
stochastic,255,loocv,2.6483215882080793,0.9931331495952137,0.5308636761432164,1.3557335631762186
stochastic,256,silverman,4.589568479417911,1.8784800512248518,2.8089040887915915,0.8176650457978508
stochastic,256,cv,2.8731993831793696,1.6614699284596366,2.1524732232690376,121.35170238744898
stochastic,256,loocv,4.29266904021873,1.8095450067816146,2.381419586153624,1.1193740067294902
stochastic,257,silverman,1.2329580081566656,0.7769311100423479,0.5148344692306777,1.0206693737030583
stochastic,257,cv,0.04717360139126128,0.1750839520063936,0.12080903653711061,7.1269177325181134
stochastic,257,loocv,0.05900332256266377,0.14465262077033872,0.1400477992442557,3.952104217871344
stochastic,258,silverman,19.89073205539075,2.6581016507563406,3.1868394189887557,0.5946606651753317
stochastic,258,cv,26.12806455896808,3.1214517104914488,16.39435261413986,0.29788124103200453
stochastic,258,loocv,26.026290996890843,3.1075120170558987,16.394352613597075,0.348833757747577
stochastic,259,silverman,103.1467268671454,4.732652309093886,44.68834687614561,0.6423184206795187
stochastic,259,cv,1.482116958736754,1.180924385291123,2.025086904312125,95.32810371592885
stochastic,259,loocv,1.4821169597921755,1.180924385763733,2.0250869050378717,95.32797601021541
stochastic,260,silverman,7.880905122659475,1.613714453809013,0.9324138087098472,0.8314023034417698
stochastic,260,cv,1.5889481190883457,0.8587119250249455,0.6462355010680525,1.8132004526738892
stochastic,260,loocv,6.677082429407233,1.5261750465760453,0.9217941764590167,0.8609104384764167
stochastic,261,silverman,4.008678144456325,1.6446489564242204,5.702121861770834,0.7944514499409365
stochastic,261,cv,2.267398179477628,1.2332264791051255,3.20610773062202,5.29539989430028
stochastic,261,loocv,2.32344076791866,1.234820347877732,3.3818826703510654,117.90642533895978
stochastic,262,silverman,0.5880417031926422,0.7086797794877325,1.1378776490262508,0.9164096431743337
stochastic,262,cv,0.6754244741818148,0.6795370556424252,1.5594157523762444,2.5306253164416366
stochastic,262,loocv,0.7284505887277027,0.6906230974645868,1.7570255318708508,3.0586259362180557
stochastic,263,silverman,3.7928732569278902,1.4568734981678115,5.072001631995889,0.7614879738351641
stochastic,263,cv,0.19970382775180187,0.34481596779359996,0.5272133685576237,4.058036675464061
stochastic,263,loocv,0.17821494822567965,0.27020078312778545,0.29256870406053315,3.352061505474619
stochastic,264,silverman,1.1813727854929326,0.9940460946400167,1.2394309603892772,0.8967643711352153
stochastic,264,cv,1.4283673213978358,1.1785297382586706,1.4523343057759674,133.09089270005612
stochastic,264,loocv,1.4283673215724964,1.17852973832358,1.452334305898407,133.09108668461053
stochastic,265,silverman,0.5852603645344542,0.6961894390080268,1.1286735753899835,1.3757427176402768
stochastic,265,cv,0.5601192497932732,0.6785923471669701,1.1088045413842504,1.4980142557949627
stochastic,265,loocv,0.40396600029326346,0.5730259381146632,0.9369011672205758,2.6498354940867253
stochastic,266,silverman,4.363611440794372,1.6524148260752476,5.1959417042406315,0.7314617427507373
stochastic,266,cv,6.948490923030001,1.8586809117507912,8.717893090194554,0.26503114604118394
stochastic,266,loocv,1.0199707702508494,0.7954097744917487,2.3791731853452114,108.55798806345126
stochastic,267,silverman,1.3008538398856122,0.8750365548885796,0.5801977222980153,1.123347249931297
stochastic,267,cv,271.7822955898306,6.161572817024861,80.99457415430358,0.2170773301794138
stochastic,267,loocv,271.8088866079145,6.161921154405798,80.99734595549417,0.21706696067541772
stochastic,268,silverman,2.860882277310295,1.568019254579946,1.2306607980567918,0.9715302533832683
stochastic,268,cv,2.166466263749644,1.4186426521412279,1.9864021620074892,144.18728721402442
stochastic,268,loocv,2.166466264307413,1.4186426522898514,1.9864021624368928,144.18710562087685
stochastic,269,silverman,3.5655524055192815,1.3066343160390306,4.300658370178436,1.1916638492783966
stochastic,269,cv,3.994524372574837,1.5650426357396603,3.6950575623130124,176.85775310592314
stochastic,269,loocv,3.9945243725154285,1.5650426357524947,3.6950575621486785,176.8578396864658
stochastic,270,silverman,2.4987090631213333,1.399584986022028,1.440499686767349,0.9411746330420804
stochastic,270,cv,1.1902905338793626,0.8968028196746114,2.0674778263396907,4.012585759629486
stochastic,270,loocv,1.1118587734196463,0.8868854324936947,1.8318138699255655,3.31325269122987
stochastic,271,silverman,5.7539020750358905,1.6570639843552806,1.3997424085011048,0.7980065261856903
stochastic,271,cv,0.7655393335268308,0.8642975637169477,1.1193012893178176,4.039325807092399
stochastic,271,loocv,1.4806104615605404,0.9916597177523419,1.3769609644530778,1.1650495519833408
stochastic,272,silverman,2.1789432094987453,1.239950143515136,2.9094038811172735,1.169670196517023
stochastic,272,cv,0.622354540962118,0.7548590331156297,1.1352258035617742,4.133938993809262
stochastic,272,loocv,0.6077002275939828,0.7509496392783416,1.1163283046448274,4.422511368886506
stochastic,273,silverman,2.55700028838468,1.3174650124670448,2.5738041426516745,0.8123045889759412
stochastic,273,cv,0.5981644727376302,0.7324386411799513,1.1041654255875184,4.734672142826067
stochastic,273,loocv,2.2992159009797097,1.2530435829537363,2.2758757907013782,0.9141584970978089
stochastic,274,silverman,3.405516968252965,1.5346873784021022,3.385444606760272,1.1541142199734176
stochastic,274,cv,1.8540062173596379,1.2064956584039455,2.1041789357640197,2.305512510295706
stochastic,274,loocv,2.275009971402685,1.3186012034911139,2.4395718013381065,1.8041182917394822
stochastic,275,silverman,0.6004377009081998,0.7103160440660765,0.8940170243384262,1.4201434164047269
stochastic,275,cv,0.7455435939720659,0.8403069222508959,1.016252837430845,210.76688778733902
stochastic,275,loocv,0.7455435939494548,0.8403069222490154,1.0162528375152389,210.76702712577605
stochastic,276,silverman,1.942296263019529,1.111324084228011,2.2670417418574385,0.8014929851639151
stochastic,276,cv,0.6571513724687345,0.5947017723576667,2.020027564761627,118.95130372546132
stochastic,276,loocv,0.6565448110980483,0.5912905275416499,2.034647280733909,11.697451525296735
stochastic,277,silverman,0.9101583852912289,0.8939157329932466,2.2550598303492118,1.089403055105232
stochastic,277,cv,1.3233080121520886,1.0522161809858013,1.754168477938733,161.68107106216436
stochastic,277,loocv,1.3233080121953804,1.0522161810249666,1.7541684780887856,161.68090002336604
stochastic,278,silverman,0.7703441262450387,0.8453655886208906,1.174068119904974,0.9232985789026408
stochastic,278,cv,1.1726423577958165,1.0553342499911804,1.7675366095267455,137.02913182378356
stochastic,278,loocv,1.1726423576690632,1.0553342499279448,1.7675366094655813,137.02902830811198
stochastic,279,silverman,0.29566010545458965,0.4442017768799664,1.1441573910263285,0.8143114198599762
stochastic,279,cv,0.5537876090424672,0.6993241654355744,1.4431560551031626,120.85371696440752
stochastic,279,loocv,0.5537876096630814,0.6993241659829453,1.443156055171721,120.8540170015142
stochastic,280,silverman,1.6876210594830618,1.1364795009708648,2.0073345222524885,0.9144417879756845
stochastic,280,cv,1.654372511734302,1.150909072227814,1.7879887107868335,1.403647653914119
stochastic,280,loocv,1.6503606834267788,1.1507833085317873,1.7685758094694295,1.4576323322035372
stochastic,281,silverman,30.446416863524384,3.747783139227898,13.591043024352473,0.5038372961237392
stochastic,281,cv,0.3536697760577398,0.4249193180316972,1.5626067093910334,74.77579132466074
stochastic,281,loocv,28.483682415089035,3.5637333758075447,13.567204699189851,0.6884283078919655
stochastic,282,silverman,0.8408442727166585,0.812677532579972,0.8975288153694769,1.1086886087782695
stochastic,282,cv,0.8814649595512714,0.898008951911531,1.3063004220233518,164.54314181383666
stochastic,282,loocv,0.8752951337567789,0.8954944833555292,1.3025666283156738,23.72111062598002
stochastic,283,silverman,6.549665334822775,1.7423200265889671,0.8623230358598843,0.9511644876383628
stochastic,283,cv,6.851035892852581,1.7598963359308115,1.1382529543183866,0.63199000037585
stochastic,283,loocv,6.8083388555515825,1.7430320936585388,6.0325471265246895,0.5512036990293002
stochastic,284,silverman,32.81764571779793,3.789682440201389,14.840210197831347,0.6159278638333939
stochastic,284,cv,33.060833324678676,3.808997770332517,14.850582657770033,0.5584623441761185
stochastic,284,loocv,8.51118782283507,2.0968047869239697,9.556128842433843,0.1940811576226545
stochastic,285,silverman,6.062472160945534,2.009506331382304,4.309228634175307,0.962441869388812
stochastic,285,cv,9.705353639803315,2.4480254372051835,7.8865106084150085,0.31190824595984057
stochastic,285,loocv,2.1528429952969335,1.2677297716705058,2.772120416347447,142.83822794449839
stochastic,286,silverman,0.623981175703307,0.694651483791513,0.7655495896607272,1.171776037131047
stochastic,286,cv,0.8240846068502113,0.8768049035195873,1.2507162467367148,6.55351013990043
stochastic,286,loocv,0.8382123592542106,0.8837727051389414,1.2468545077451978,13.760264314770554
stochastic,287,silverman,0.40611065295351817,0.5579298320269577,0.8702721215794278,1.0515078838417171
stochastic,287,cv,0.4513783402662159,0.5353787773912418,1.621353984627381,156.05656799396303
stochastic,287,loocv,0.45137834036663294,0.535378777422167,1.6213539849815959,156.05678839044842
stochastic,288,silverman,0.508867729379165,0.5551404211158913,1.3105204571338387,1.1507648444214977
stochastic,288,cv,0.4379705391725177,0.5790751731316821,1.1035318311146218,1.8236871224069697
stochastic,288,loocv,0.36509210412111537,0.5406664660334535,0.9318958549535403,2.4916976551577834
stochastic,289,silverman,1.74661104359409,1.1581211086725158,2.95882026323694,0.7410167894366757
stochastic,289,cv,1.0362195068380147,0.8676788789078457,2.1166270320087524,7.130424480167715
stochastic,289,loocv,1.0756427162759932,0.8825544174161588,2.1964517169714064,12.725059456625672
stochastic,290,silverman,8.088690463286378,2.1370151412943272,8.493525643172818,0.7226831347666632
stochastic,290,cv,7.248625953752081,2.0858520766544375,7.7115336473977045,0.8296766346031593
stochastic,290,loocv,4.768510827885617,1.8647773546550988,4.926348685980836,1.2901647264182814
stochastic,291,silverman,1.4337704335339965,1.0482285428735854,1.9973989966758237,1.0369149414705918
stochastic,291,cv,0.8609754193135029,0.8814674581912458,1.3114510076653074,153.89079405936877
stochastic,291,loocv,0.8609754192765552,0.8814674581858271,1.3114510075601908,153.8909703264297
stochastic,292,silverman,7.844802010317778,2.008804182609059,5.740391725628591,0.6893071793170851
stochastic,292,cv,1.0426030600439904,0.8940730140899652,2.0221751259628884,102.30185177437266
stochastic,292,loocv,1.0426030599991216,0.8940730140815816,2.022175125790628,102.30187263005145
stochastic,293,silverman,6.893067464041141,2.1158486763555158,5.703738551793201,0.4479681546097886
stochastic,293,cv,2.379900279969153,1.1758495580416537,1.0301169882244259,1.6936702922226143
stochastic,293,loocv,6.944697006482389,2.1214124339075866,5.7279999916001785,0.4521084896536545
stochastic,294,silverman,1.2044614318413616,1.0312480247684486,1.1858778666980625,0.9812786836359874
stochastic,294,cv,0.6115826670087601,0.7431078110079895,0.8737994016874551,2.521131469137565
stochastic,294,loocv,0.9036447074238694,0.8984852720843475,1.2041262561680703,1.638334610550238
stochastic,295,silverman,1.954873497419424,1.2860571256399356,1.5078320147528328,0.9667557788986078
stochastic,295,cv,0.8954089028888232,0.8348984343005388,1.2472701592817224,3.2791840493702367
stochastic,295,loocv,0.849097665426506,0.8126828863454515,1.2810419342669106,3.7197321298754487
stochastic,296,silverman,2.3745851747156994,1.2091772477860672,1.1989720622140427,0.9422519798936756
stochastic,296,cv,2.2682191036404444,1.38108923503815,2.3352687756781525,139.84197373226615
stochastic,296,loocv,2.2682191037453814,1.3810892350467618,2.335268775724436,139.8420179974515
stochastic,297,silverman,2.5996652511592573,1.332995888545546,2.8439741404484473,1.0817783332735391
stochastic,297,cv,1.4698806483187665,0.9575658966796756,2.023167428741059,6.602851060354195
stochastic,297,loocv,1.4463964711876174,0.9571872701275921,1.9709331350661292,6.070600209120991
stochastic,298,silverman,0.7145856564757623,0.7375698856945713,1.5377949665922694,1.1154161325248955
stochastic,298,cv,0.592655555271059,0.6967876470057556,1.1073629037350217,1.7838306952959042
stochastic,298,loocv,0.5323759290920033,0.6722454811379175,0.9514069587838485,2.065449452071272
stochastic,299,silverman,1.048548459551128,0.9846940705660809,1.4097422633642926,1.0961798396659486
stochastic,299,cv,1.1475327719747934,1.0414276336673272,1.4422910769997448,1.6286385503667806
stochastic,299,loocv,1.3922969541333141,1.1462980883054277,1.9531448773093323,162.68648279657705
