generation_type,dataset_id,method_pol,metric,p_raw,p_holm
deterministic,0,cv,imse,1.0,1.0
deterministic,0,cv,imae,1.0,1.0
deterministic,0,cv,maxerr,1.0,1.0
deterministic,0,loocv,imse,1.0,1.0
deterministic,0,loocv,imae,1.0,1.0
deterministic,0,loocv,maxerr,1.0,1.0
deterministic,0,silverman,imse,1.0,1.0
deterministic,0,silverman,imae,1.0,1.0
deterministic,0,silverman,maxerr,1.0,1.0
deterministic,1,cv,imse,1.0,1.0
deterministic,1,cv,imae,1.0,1.0
deterministic,1,cv,maxerr,1.0,1.0
deterministic,1,loocv,imse,1.0,1.0
deterministic,1,loocv,imae,1.0,1.0
deterministic,1,loocv,maxerr,1.0,1.0
deterministic,1,silverman,imse,1.0,1.0
deterministic,1,silverman,imae,1.0,1.0
deterministic,1,silverman,maxerr,1.0,1.0
deterministic,2,cv,imse,1.0,1.0
deterministic,2,cv,imae,1.0,1.0
deterministic,2,cv,maxerr,1.0,1.0
deterministic,2,loocv,imse,1.0,1.0
deterministic,2,loocv,imae,1.0,1.0
deterministic,2,loocv,maxerr,1.0,1.0
deterministic,2,silverman,imse,1.0,1.0
deterministic,2,silverman,imae,1.0,1.0
deterministic,2,silverman,maxerr,1.0,1.0
deterministic,3,cv,imse,1.0,1.0
deterministic,3,cv,imae,1.0,1.0
deterministic,3,cv,maxerr,1.0,1.0
deterministic,3,loocv,imse,1.0,1.0
deterministic,3,loocv,imae,1.0,1.0
deterministic,3,loocv,maxerr,1.0,1.0
deterministic,3,silverman,imse,1.0,1.0
deterministic,3,silverman,imae,1.0,1.0
deterministic,3,silverman,maxerr,1.0,1.0
deterministic,4,cv,imse,1.0,1.0
deterministic,4,cv,imae,1.0,1.0
deterministic,4,cv,maxerr,1.0,1.0
deterministic,4,loocv,imse,1.0,1.0
deterministic,4,loocv,imae,1.0,1.0
deterministic,4,loocv,maxerr,1.0,1.0
deterministic,4,silverman,imse,1.0,1.0
deterministic,4,silverman,imae,1.0,1.0
deterministic,4,silverman,maxerr,1.0,1.0
deterministic,5,cv,imse,1.0,1.0
deterministic,5,cv,imae,1.0,1.0
deterministic,5,cv,maxerr,1.0,1.0
deterministic,5,loocv,imse,1.0,1.0
deterministic,5,loocv,imae,1.0,1.0
deterministic,5,loocv,maxerr,1.0,1.0
deterministic,5,silverman,imse,1.0,1.0
deterministic,5,silverman,imae,1.0,1.0
deterministic,5,silverman,maxerr,1.0,1.0
deterministic,6,cv,imse,1.0,1.0
deterministic,6,cv,imae,1.0,1.0
deterministic,6,cv,maxerr,1.0,1.0
deterministic,6,loocv,imse,1.0,1.0
deterministic,6,loocv,imae,1.0,1.0
deterministic,6,loocv,maxerr,1.0,1.0
deterministic,6,silverman,imse,1.0,1.0
deterministic,6,silverman,imae,1.0,1.0
deterministic,6,silverman,maxerr,1.0,1.0
deterministic,7,loocv,imse,1.0,1.0
deterministic,7,loocv,imae,1.0,1.0
deterministic,7,loocv,maxerr,1.0,1.0
deterministic,7,silverman,imse,1.0,1.0
deterministic,7,silverman,imae,1.0,1.0
deterministic,7,silverman,maxerr,1.0,1.0
deterministic,8,cv,imse,1.0,1.0
deterministic,8,cv,imae,1.0,1.0
deterministic,8,cv,maxerr,1.0,1.0
deterministic,8,loocv,imse,1.0,1.0
deterministic,8,loocv,imae,1.0,1.0
deterministic,8,loocv,maxerr,1.0,1.0
deterministic,8,silverman,imse,1.0,1.0
deterministic,8,silverman,imae,1.0,1.0
deterministic,8,silverman,maxerr,1.0,1.0
deterministic,12,cv,imse,1.0,1.0
deterministic,12,cv,imae,1.0,1.0
deterministic,12,cv,maxerr,1.0,1.0
deterministic,12,loocv,imse,1.0,1.0
deterministic,12,loocv,imae,1.0,1.0
deterministic,12,loocv,maxerr,1.0,1.0
deterministic,12,silverman,imse,1.0,1.0
deterministic,12,silverman,imae,1.0,1.0
deterministic,12,silverman,maxerr,1.0,1.0
deterministic,13,cv,imse,1.0,1.0
deterministic,13,cv,imae,1.0,1.0
deterministic,13,cv,maxerr,1.0,1.0
deterministic,13,loocv,imse,1.0,1.0
deterministic,13,loocv,imae,1.0,1.0
deterministic,13,loocv,maxerr,1.0,1.0
deterministic,13,silverman,imse,1.0,1.0
deterministic,13,silverman,imae,1.0,1.0
deterministic,13,silverman,maxerr,1.0,1.0
deterministic,14,cv,imse,1.0,1.0
deterministic,14,cv,imae,1.0,1.0
deterministic,14,cv,maxerr,1.0,1.0
deterministic,14,loocv,imse,1.0,1.0
deterministic,14,loocv,imae,1.0,1.0
deterministic,14,loocv,maxerr,1.0,1.0
deterministic,14,silverman,imse,1.0,1.0
deterministic,14,silverman,imae,1.0,1.0
deterministic,14,silverman,maxerr,1.0,1.0
deterministic,15,cv,imse,1.0,1.0
deterministic,15,cv,imae,1.0,1.0
deterministic,15,cv,maxerr,1.0,1.0
deterministic,15,loocv,imse,1.0,1.0
deterministic,15,loocv,imae,1.0,1.0
deterministic,15,loocv,maxerr,1.0,1.0
deterministic,15,silverman,imse,1.0,1.0
deterministic,15,silverman,imae,1.0,1.0
deterministic,15,silverman,maxerr,1.0,1.0
deterministic,16,cv,imse,1.0,1.0
deterministic,16,cv,imae,1.0,1.0
deterministic,16,cv,maxerr,1.0,1.0
deterministic,16,loocv,imse,1.0,1.0
deterministic,16,loocv,imae,1.0,1.0
deterministic,16,loocv,maxerr,1.0,1.0
deterministic,16,silverman,imse,1.0,1.0
deterministic,16,silverman,imae,1.0,1.0
deterministic,16,silverman,maxerr,1.0,1.0
deterministic,17,cv,imse,1.0,1.0
deterministic,17,cv,imae,1.0,1.0
deterministic,17,cv,maxerr,1.0,1.0
deterministic,17,loocv,imse,1.0,1.0
deterministic,17,loocv,imae,1.0,1.0
deterministic,17,loocv,maxerr,1.0,1.0
deterministic,17,silverman,imse,1.0,1.0
deterministic,17,silverman,imae,1.0,1.0
deterministic,17,silverman,maxerr,1.0,1.0
deterministic,18,cv,imse,1.0,1.0
deterministic,18,cv,imae,1.0,1.0
deterministic,18,cv,maxerr,1.0,1.0
deterministic,18,loocv,imse,1.0,1.0
deterministic,18,loocv,imae,1.0,1.0
deterministic,18,loocv,maxerr,1.0,1.0
deterministic,18,silverman,imse,1.0,1.0
deterministic,18,silverman,imae,1.0,1.0
deterministic,18,silverman,maxerr,1.0,1.0
deterministic,19,cv,imse,1.0,1.0
deterministic,19,cv,imae,1.0,1.0
deterministic,19,cv,maxerr,1.0,1.0
deterministic,19,loocv,imse,1.0,1.0
deterministic,19,loocv,imae,1.0,1.0
deterministic,19,loocv,maxerr,1.0,1.0
deterministic,19,silverman,imse,1.0,1.0
deterministic,19,silverman,imae,1.0,1.0
deterministic,19,silverman,maxerr,1.0,1.0
deterministic,20,cv,imse,1.0,1.0
deterministic,20,cv,imae,1.0,1.0
deterministic,20,cv,maxerr,1.0,1.0
deterministic,20,loocv,imse,1.0,1.0
deterministic,20,loocv,imae,1.0,1.0
deterministic,20,loocv,maxerr,1.0,1.0
deterministic,20,silverman,imse,1.0,1.0
deterministic,20,silverman,imae,1.0,1.0
deterministic,20,silverman,maxerr,1.0,1.0
deterministic,21,cv,imse,1.0,1.0
deterministic,21,cv,imae,1.0,1.0
deterministic,21,cv,maxerr,1.0,1.0
deterministic,21,loocv,imse,1.0,1.0
deterministic,21,loocv,imae,1.0,1.0
deterministic,21,loocv,maxerr,1.0,1.0
deterministic,21,silverman,imse,1.0,1.0
deterministic,21,silverman,imae,1.0,1.0
deterministic,21,silverman,maxerr,1.0,1.0
deterministic,22,cv,imse,1.0,1.0
deterministic,22,cv,imae,1.0,1.0
deterministic,22,cv,maxerr,1.0,1.0
deterministic,22,loocv,imse,1.0,1.0
deterministic,22,loocv,imae,1.0,1.0
deterministic,22,loocv,maxerr,1.0,1.0
deterministic,22,silverman,imse,1.0,1.0
deterministic,22,silverman,imae,1.0,1.0
deterministic,22,silverman,maxerr,1.0,1.0
deterministic,25,cv,imse,1.0,1.0
deterministic,25,cv,imae,1.0,1.0
deterministic,25,cv,maxerr,1.0,1.0
deterministic,25,loocv,imse,1.0,1.0
deterministic,25,loocv,imae,1.0,1.0
deterministic,25,loocv,maxerr,1.0,1.0
deterministic,26,cv,imse,1.0,1.0
deterministic,26,cv,imae,1.0,1.0
deterministic,26,cv,maxerr,1.0,1.0
deterministic,26,loocv,imse,1.0,1.0
deterministic,26,loocv,imae,1.0,1.0
deterministic,26,loocv,maxerr,1.0,1.0
deterministic,26,silverman,imse,1.0,1.0
deterministic,26,silverman,imae,1.0,1.0
deterministic,26,silverman,maxerr,1.0,1.0
deterministic,27,cv,imse,1.0,1.0
deterministic,27,cv,imae,1.0,1.0
deterministic,27,cv,maxerr,1.0,1.0
deterministic,27,loocv,imse,1.0,1.0
deterministic,27,loocv,imae,1.0,1.0
deterministic,27,loocv,maxerr,1.0,1.0
deterministic,27,silverman,imse,1.0,1.0
deterministic,27,silverman,imae,1.0,1.0
deterministic,27,silverman,maxerr,1.0,1.0
deterministic,29,cv,imse,1.0,1.0
deterministic,29,cv,imae,1.0,1.0
deterministic,29,cv,maxerr,1.0,1.0
deterministic,29,loocv,imse,1.0,1.0
deterministic,29,loocv,imae,1.0,1.0
deterministic,29,loocv,maxerr,1.0,1.0
deterministic,29,silverman,imse,1.0,1.0
deterministic,29,silverman,imae,1.0,1.0
deterministic,29,silverman,maxerr,1.0,1.0
deterministic,30,cv,imse,1.0,1.0
deterministic,30,cv,imae,1.0,1.0
deterministic,30,cv,maxerr,1.0,1.0
deterministic,30,loocv,imse,1.0,1.0
deterministic,30,loocv,imae,1.0,1.0
deterministic,30,loocv,maxerr,1.0,1.0
deterministic,30,silverman,imse,1.0,1.0
deterministic,30,silverman,imae,1.0,1.0
deterministic,30,silverman,maxerr,1.0,1.0
deterministic,31,cv,imse,1.0,1.0
deterministic,31,cv,imae,1.0,1.0
deterministic,31,cv,maxerr,1.0,1.0
deterministic,31,loocv,imse,1.0,1.0
deterministic,31,loocv,imae,1.0,1.0
deterministic,31,loocv,maxerr,1.0,1.0
deterministic,32,cv,imse,1.0,1.0
deterministic,32,cv,imae,1.0,1.0
deterministic,32,cv,maxerr,1.0,1.0
deterministic,32,loocv,imse,1.0,1.0
deterministic,32,loocv,imae,1.0,1.0
deterministic,32,loocv,maxerr,1.0,1.0
deterministic,32,silverman,imse,1.0,1.0
deterministic,32,silverman,imae,1.0,1.0
deterministic,32,silverman,maxerr,1.0,1.0
deterministic,33,cv,imse,1.0,1.0
deterministic,33,cv,imae,1.0,1.0
deterministic,33,cv,maxerr,1.0,1.0
deterministic,33,loocv,imse,1.0,1.0
deterministic,33,loocv,imae,1.0,1.0
deterministic,33,loocv,maxerr,1.0,1.0
deterministic,33,silverman,imse,1.0,1.0
deterministic,33,silverman,imae,1.0,1.0
deterministic,33,silverman,maxerr,1.0,1.0
deterministic,34,cv,imse,1.0,1.0
deterministic,34,cv,imae,1.0,1.0
deterministic,34,cv,maxerr,1.0,1.0
deterministic,34,loocv,imse,1.0,1.0
deterministic,34,loocv,imae,1.0,1.0
deterministic,34,loocv,maxerr,1.0,1.0
deterministic,34,silverman,imse,1.0,1.0
deterministic,34,silverman,imae,1.0,1.0
deterministic,34,silverman,maxerr,1.0,1.0
deterministic,35,cv,imse,1.0,1.0
deterministic,35,cv,imae,1.0,1.0
deterministic,35,cv,maxerr,1.0,1.0
deterministic,35,loocv,imse,1.0,1.0
deterministic,35,loocv,imae,1.0,1.0
deterministic,35,loocv,maxerr,1.0,1.0
deterministic,35,silverman,imse,1.0,1.0
deterministic,35,silverman,imae,1.0,1.0
deterministic,35,silverman,maxerr,1.0,1.0
deterministic,36,cv,imse,1.0,1.0
deterministic,36,cv,imae,1.0,1.0
deterministic,36,cv,maxerr,1.0,1.0
deterministic,36,loocv,imse,1.0,1.0
deterministic,36,loocv,imae,1.0,1.0
deterministic,36,loocv,maxerr,1.0,1.0
deterministic,36,silverman,imse,1.0,1.0
deterministic,36,silverman,imae,1.0,1.0
deterministic,36,silverman,maxerr,1.0,1.0
deterministic,37,cv,imse,1.0,1.0
deterministic,37,cv,imae,1.0,1.0
deterministic,37,cv,maxerr,1.0,1.0
deterministic,37,loocv,imse,1.0,1.0
deterministic,37,loocv,imae,1.0,1.0
deterministic,37,loocv,maxerr,1.0,1.0
deterministic,37,silverman,imse,1.0,1.0
deterministic,37,silverman,imae,1.0,1.0
deterministic,37,silverman,maxerr,1.0,1.0
deterministic,38,cv,imse,1.0,1.0
deterministic,38,cv,imae,1.0,1.0
deterministic,38,cv,maxerr,1.0,1.0
deterministic,38,loocv,imse,1.0,1.0
deterministic,38,loocv,imae,1.0,1.0
deterministic,38,loocv,maxerr,1.0,1.0
deterministic,38,silverman,imse,1.0,1.0
deterministic,38,silverman,imae,1.0,1.0
deterministic,38,silverman,maxerr,1.0,1.0
deterministic,39,silverman,imse,1.0,1.0
deterministic,39,silverman,imae,1.0,1.0
deterministic,39,silverman,maxerr,1.0,1.0
deterministic,41,cv,imse,1.0,1.0
deterministic,41,cv,imae,1.0,1.0
deterministic,41,cv,maxerr,1.0,1.0
deterministic,41,loocv,imse,1.0,1.0
deterministic,41,loocv,imae,1.0,1.0
deterministic,41,loocv,maxerr,1.0,1.0
deterministic,41,silverman,imse,1.0,1.0
deterministic,41,silverman,imae,1.0,1.0
deterministic,41,silverman,maxerr,1.0,1.0
deterministic,43,cv,imse,1.0,1.0
deterministic,43,cv,imae,1.0,1.0
deterministic,43,cv,maxerr,1.0,1.0
deterministic,43,loocv,imse,1.0,1.0
deterministic,43,loocv,imae,1.0,1.0
deterministic,43,loocv,maxerr,1.0,1.0
deterministic,43,silverman,imse,1.0,1.0
deterministic,43,silverman,imae,1.0,1.0
deterministic,43,silverman,maxerr,1.0,1.0
deterministic,44,cv,imse,1.0,1.0
deterministic,44,cv,imae,1.0,1.0
deterministic,44,cv,maxerr,1.0,1.0
deterministic,44,loocv,imse,1.0,1.0
deterministic,44,loocv,imae,1.0,1.0
deterministic,44,loocv,maxerr,1.0,1.0
deterministic,44,silverman,imse,1.0,1.0
deterministic,44,silverman,imae,1.0,1.0
deterministic,44,silverman,maxerr,1.0,1.0
deterministic,45,cv,imse,1.0,1.0
deterministic,45,cv,imae,1.0,1.0
deterministic,45,cv,maxerr,1.0,1.0
deterministic,45,loocv,imse,1.0,1.0
deterministic,45,loocv,imae,1.0,1.0
deterministic,45,loocv,maxerr,1.0,1.0
deterministic,45,silverman,imse,1.0,1.0
deterministic,45,silverman,imae,1.0,1.0
deterministic,45,silverman,maxerr,1.0,1.0
deterministic,46,cv,imse,1.0,1.0
deterministic,46,cv,imae,1.0,1.0
deterministic,46,cv,maxerr,1.0,1.0
deterministic,46,loocv,imse,1.0,1.0
deterministic,46,loocv,imae,1.0,1.0
deterministic,46,loocv,maxerr,1.0,1.0
deterministic,46,silverman,imse,1.0,1.0
deterministic,46,silverman,imae,1.0,1.0
deterministic,46,silverman,maxerr,1.0,1.0
deterministic,47,cv,imse,1.0,1.0
deterministic,47,cv,imae,1.0,1.0
deterministic,47,cv,maxerr,1.0,1.0
deterministic,47,loocv,imse,1.0,1.0
deterministic,47,loocv,imae,1.0,1.0
deterministic,47,loocv,maxerr,1.0,1.0
deterministic,49,cv,imse,1.0,1.0
deterministic,49,cv,imae,1.0,1.0
deterministic,49,cv,maxerr,1.0,1.0
deterministic,49,loocv,imse,1.0,1.0
deterministic,49,loocv,imae,1.0,1.0
deterministic,49,loocv,maxerr,1.0,1.0
deterministic,49,silverman,imse,1.0,1.0
deterministic,49,silverman,imae,1.0,1.0
deterministic,49,silverman,maxerr,1.0,1.0
deterministic,51,cv,imse,1.0,1.0
deterministic,51,cv,imae,1.0,1.0
deterministic,51,cv,maxerr,1.0,1.0
deterministic,51,loocv,imse,1.0,1.0
deterministic,51,loocv,imae,1.0,1.0
deterministic,51,loocv,maxerr,1.0,1.0
deterministic,51,silverman,imse,1.0,1.0
deterministic,51,silverman,imae,1.0,1.0
deterministic,51,silverman,maxerr,1.0,1.0
deterministic,52,cv,imse,1.0,1.0
deterministic,52,cv,imae,1.0,1.0
deterministic,52,cv,maxerr,1.0,1.0
deterministic,52,loocv,imse,1.0,1.0
deterministic,52,loocv,imae,1.0,1.0
deterministic,52,loocv,maxerr,1.0,1.0
deterministic,52,silverman,imse,1.0,1.0
deterministic,52,silverman,imae,1.0,1.0
deterministic,52,silverman,maxerr,1.0,1.0
deterministic,53,cv,imse,1.0,1.0
deterministic,53,cv,imae,1.0,1.0
deterministic,53,cv,maxerr,1.0,1.0
deterministic,53,loocv,imse,1.0,1.0
deterministic,53,loocv,imae,1.0,1.0
deterministic,53,loocv,maxerr,1.0,1.0
deterministic,53,silverman,imse,1.0,1.0
deterministic,53,silverman,imae,1.0,1.0
deterministic,53,silverman,maxerr,1.0,1.0
deterministic,55,cv,imse,1.0,1.0
deterministic,55,cv,imae,1.0,1.0
deterministic,55,cv,maxerr,1.0,1.0
deterministic,55,loocv,imse,1.0,1.0
deterministic,55,loocv,imae,1.0,1.0
deterministic,55,loocv,maxerr,1.0,1.0
deterministic,56,cv,imse,1.0,1.0
deterministic,56,cv,imae,1.0,1.0
deterministic,56,cv,maxerr,1.0,1.0
deterministic,56,loocv,imse,1.0,1.0
deterministic,56,loocv,imae,1.0,1.0
deterministic,56,loocv,maxerr,1.0,1.0
deterministic,56,silverman,imse,1.0,1.0
deterministic,56,silverman,imae,1.0,1.0
deterministic,56,silverman,maxerr,1.0,1.0
deterministic,57,cv,imse,1.0,1.0
deterministic,57,cv,imae,1.0,1.0
deterministic,57,cv,maxerr,1.0,1.0
deterministic,57,loocv,imse,1.0,1.0
deterministic,57,loocv,imae,1.0,1.0
deterministic,57,loocv,maxerr,1.0,1.0
deterministic,57,silverman,imse,1.0,1.0
deterministic,57,silverman,imae,1.0,1.0
deterministic,57,silverman,maxerr,1.0,1.0
deterministic,58,cv,imse,1.0,1.0
deterministic,58,cv,imae,1.0,1.0
deterministic,58,cv,maxerr,1.0,1.0
deterministic,58,loocv,imse,1.0,1.0
deterministic,58,loocv,imae,1.0,1.0
deterministic,58,loocv,maxerr,1.0,1.0
deterministic,58,silverman,imse,1.0,1.0
deterministic,58,silverman,imae,1.0,1.0
deterministic,58,silverman,maxerr,1.0,1.0
deterministic,59,silverman,imse,1.0,1.0
deterministic,59,silverman,imae,1.0,1.0
deterministic,59,silverman,maxerr,1.0,1.0
deterministic,60,cv,imse,1.0,1.0
deterministic,60,cv,imae,1.0,1.0
deterministic,60,cv,maxerr,1.0,1.0
deterministic,60,loocv,imse,1.0,1.0
deterministic,60,loocv,imae,1.0,1.0
deterministic,60,loocv,maxerr,1.0,1.0
deterministic,60,silverman,imse,1.0,1.0
deterministic,60,silverman,imae,1.0,1.0
deterministic,60,silverman,maxerr,1.0,1.0
deterministic,61,cv,imse,1.0,1.0
deterministic,61,cv,imae,1.0,1.0
deterministic,61,cv,maxerr,1.0,1.0
deterministic,61,loocv,imse,1.0,1.0
deterministic,61,loocv,imae,1.0,1.0
deterministic,61,loocv,maxerr,1.0,1.0
deterministic,61,silverman,imse,1.0,1.0
deterministic,61,silverman,imae,1.0,1.0
deterministic,61,silverman,maxerr,1.0,1.0
deterministic,62,cv,imse,1.0,1.0
deterministic,62,cv,imae,1.0,1.0
deterministic,62,cv,maxerr,1.0,1.0
deterministic,62,loocv,imse,1.0,1.0
deterministic,62,loocv,imae,1.0,1.0
deterministic,62,loocv,maxerr,1.0,1.0
deterministic,62,silverman,imse,1.0,1.0
deterministic,62,silverman,imae,1.0,1.0
deterministic,62,silverman,maxerr,1.0,1.0
deterministic,63,loocv,imse,1.0,1.0
deterministic,63,loocv,imae,1.0,1.0
deterministic,63,loocv,maxerr,1.0,1.0
deterministic,63,silverman,imse,1.0,1.0
deterministic,63,silverman,imae,1.0,1.0
deterministic,63,silverman,maxerr,1.0,1.0
deterministic,64,cv,imse,1.0,1.0
deterministic,64,cv,imae,1.0,1.0
deterministic,64,cv,maxerr,1.0,1.0
deterministic,64,loocv,imse,1.0,1.0
deterministic,64,loocv,imae,1.0,1.0
deterministic,64,loocv,maxerr,1.0,1.0
deterministic,64,silverman,imse,1.0,1.0
deterministic,64,silverman,imae,1.0,1.0
deterministic,64,silverman,maxerr,1.0,1.0
deterministic,65,cv,imse,1.0,1.0
deterministic,65,cv,imae,1.0,1.0
deterministic,65,cv,maxerr,1.0,1.0
deterministic,65,loocv,imse,1.0,1.0
deterministic,65,loocv,imae,1.0,1.0
deterministic,65,loocv,maxerr,1.0,1.0
deterministic,65,silverman,imse,1.0,1.0
deterministic,65,silverman,imae,1.0,1.0
deterministic,65,silverman,maxerr,1.0,1.0
deterministic,66,cv,imse,1.0,1.0
deterministic,66,cv,imae,1.0,1.0
deterministic,66,cv,maxerr,1.0,1.0
deterministic,66,loocv,imse,1.0,1.0
deterministic,66,loocv,imae,1.0,1.0
deterministic,66,loocv,maxerr,1.0,1.0
deterministic,66,silverman,imse,1.0,1.0
deterministic,66,silverman,imae,1.0,1.0
deterministic,66,silverman,maxerr,1.0,1.0
deterministic,67,cv,imse,1.0,1.0
deterministic,67,cv,imae,1.0,1.0
deterministic,67,cv,maxerr,1.0,1.0
deterministic,67,loocv,imse,1.0,1.0
deterministic,67,loocv,imae,1.0,1.0
deterministic,67,loocv,maxerr,1.0,1.0
deterministic,67,silverman,imse,1.0,1.0
deterministic,67,silverman,imae,1.0,1.0
deterministic,67,silverman,maxerr,1.0,1.0
deterministic,68,cv,imse,1.0,1.0
deterministic,68,cv,imae,1.0,1.0
deterministic,68,cv,maxerr,1.0,1.0
deterministic,68,loocv,imse,1.0,1.0
deterministic,68,loocv,imae,1.0,1.0
deterministic,68,loocv,maxerr,1.0,1.0
deterministic,68,silverman,imse,1.0,1.0
deterministic,68,silverman,imae,1.0,1.0
deterministic,68,silverman,maxerr,1.0,1.0
deterministic,69,loocv,imse,1.0,1.0
deterministic,69,loocv,imae,1.0,1.0
deterministic,69,loocv,maxerr,1.0,1.0
deterministic,69,silverman,imse,1.0,1.0
deterministic,69,silverman,imae,1.0,1.0
deterministic,69,silverman,maxerr,1.0,1.0
deterministic,70,cv,imse,1.0,1.0
deterministic,70,cv,imae,1.0,1.0
deterministic,70,cv,maxerr,1.0,1.0
deterministic,70,loocv,imse,1.0,1.0
deterministic,70,loocv,imae,1.0,1.0
deterministic,70,loocv,maxerr,1.0,1.0
deterministic,70,silverman,imse,1.0,1.0
deterministic,70,silverman,imae,1.0,1.0
deterministic,70,silverman,maxerr,1.0,1.0
deterministic,71,cv,imse,1.0,1.0
deterministic,71,cv,imae,1.0,1.0
deterministic,71,cv,maxerr,1.0,1.0
deterministic,71,loocv,imse,1.0,1.0
deterministic,71,loocv,imae,1.0,1.0
deterministic,71,loocv,maxerr,1.0,1.0
deterministic,71,silverman,imse,1.0,1.0
deterministic,71,silverman,imae,1.0,1.0
deterministic,71,silverman,maxerr,1.0,1.0
deterministic,72,cv,imse,1.0,1.0
deterministic,72,cv,imae,1.0,1.0
deterministic,72,cv,maxerr,1.0,1.0
deterministic,72,loocv,imse,1.0,1.0
deterministic,72,loocv,imae,1.0,1.0
deterministic,72,loocv,maxerr,1.0,1.0
deterministic,72,silverman,imse,1.0,1.0
deterministic,72,silverman,imae,1.0,1.0
deterministic,72,silverman,maxerr,1.0,1.0
deterministic,73,cv,imse,1.0,1.0
deterministic,73,cv,imae,1.0,1.0
deterministic,73,cv,maxerr,1.0,1.0
deterministic,73,loocv,imse,1.0,1.0
deterministic,73,loocv,imae,1.0,1.0
deterministic,73,loocv,maxerr,1.0,1.0
deterministic,73,silverman,imse,1.0,1.0
deterministic,73,silverman,imae,1.0,1.0
deterministic,73,silverman,maxerr,1.0,1.0
deterministic,74,cv,imse,1.0,1.0
deterministic,74,cv,imae,1.0,1.0
deterministic,74,cv,maxerr,1.0,1.0
deterministic,74,loocv,imse,1.0,1.0
deterministic,74,loocv,imae,1.0,1.0
deterministic,74,loocv,maxerr,1.0,1.0
deterministic,74,silverman,imse,1.0,1.0
deterministic,74,silverman,imae,1.0,1.0
deterministic,74,silverman,maxerr,1.0,1.0
deterministic,77,cv,imse,1.0,1.0
deterministic,77,cv,imae,1.0,1.0
deterministic,77,cv,maxerr,1.0,1.0
deterministic,77,loocv,imse,1.0,1.0
deterministic,77,loocv,imae,1.0,1.0
deterministic,77,loocv,maxerr,1.0,1.0
deterministic,77,silverman,imse,1.0,1.0
deterministic,77,silverman,imae,1.0,1.0
deterministic,77,silverman,maxerr,1.0,1.0
deterministic,78,cv,imse,1.0,1.0
deterministic,78,cv,imae,1.0,1.0
deterministic,78,cv,maxerr,1.0,1.0
deterministic,78,loocv,imse,1.0,1.0
deterministic,78,loocv,imae,1.0,1.0
deterministic,78,loocv,maxerr,1.0,1.0
deterministic,78,silverman,imse,1.0,1.0
deterministic,78,silverman,imae,1.0,1.0
deterministic,78,silverman,maxerr,1.0,1.0
deterministic,80,cv,imse,1.0,1.0
deterministic,80,cv,imae,1.0,1.0
deterministic,80,cv,maxerr,1.0,1.0
deterministic,80,loocv,imse,1.0,1.0
deterministic,80,loocv,imae,1.0,1.0
deterministic,80,loocv,maxerr,1.0,1.0
deterministic,80,silverman,imse,1.0,1.0
deterministic,80,silverman,imae,1.0,1.0
deterministic,80,silverman,maxerr,1.0,1.0
deterministic,81,cv,imse,1.0,1.0
deterministic,81,cv,imae,1.0,1.0
deterministic,81,cv,maxerr,1.0,1.0
deterministic,81,loocv,imse,1.0,1.0
deterministic,81,loocv,imae,1.0,1.0
deterministic,81,loocv,maxerr,1.0,1.0
deterministic,81,silverman,imse,1.0,1.0
deterministic,81,silverman,imae,1.0,1.0
deterministic,81,silverman,maxerr,1.0,1.0
deterministic,83,cv,imse,1.0,1.0
deterministic,83,cv,imae,1.0,1.0
deterministic,83,cv,maxerr,1.0,1.0
deterministic,83,loocv,imse,1.0,1.0
deterministic,83,loocv,imae,1.0,1.0
deterministic,83,loocv,maxerr,1.0,1.0
deterministic,83,silverman,imse,1.0,1.0
deterministic,83,silverman,imae,1.0,1.0
deterministic,83,silverman,maxerr,1.0,1.0
deterministic,84,cv,imse,1.0,1.0
deterministic,84,cv,imae,1.0,1.0
deterministic,84,cv,maxerr,1.0,1.0
deterministic,84,loocv,imse,1.0,1.0
deterministic,84,loocv,imae,1.0,1.0
deterministic,84,loocv,maxerr,1.0,1.0
deterministic,84,silverman,imse,1.0,1.0
deterministic,84,silverman,imae,1.0,1.0
deterministic,84,silverman,maxerr,1.0,1.0
deterministic,85,cv,imse,1.0,1.0
deterministic,85,cv,imae,1.0,1.0
deterministic,85,cv,maxerr,1.0,1.0
deterministic,85,loocv,imse,1.0,1.0
deterministic,85,loocv,imae,1.0,1.0
deterministic,85,loocv,maxerr,1.0,1.0
deterministic,85,silverman,imse,1.0,1.0
deterministic,85,silverman,imae,1.0,1.0
deterministic,85,silverman,maxerr,1.0,1.0
deterministic,86,cv,imse,1.0,1.0
deterministic,86,cv,imae,1.0,1.0
deterministic,86,cv,maxerr,1.0,1.0
deterministic,86,loocv,imse,1.0,1.0
deterministic,86,loocv,imae,1.0,1.0
deterministic,86,loocv,maxerr,1.0,1.0
deterministic,86,silverman,imse,1.0,1.0
deterministic,86,silverman,imae,1.0,1.0
deterministic,86,silverman,maxerr,1.0,1.0
deterministic,87,cv,imse,1.0,1.0
deterministic,87,cv,imae,1.0,1.0
deterministic,87,cv,maxerr,1.0,1.0
deterministic,87,loocv,imse,1.0,1.0
deterministic,87,loocv,imae,1.0,1.0
deterministic,87,loocv,maxerr,1.0,1.0
deterministic,87,silverman,imse,1.0,1.0
deterministic,87,silverman,imae,1.0,1.0
deterministic,87,silverman,maxerr,1.0,1.0
deterministic,88,cv,imse,1.0,1.0
deterministic,88,cv,imae,1.0,1.0
deterministic,88,cv,maxerr,1.0,1.0
deterministic,88,loocv,imse,1.0,1.0
deterministic,88,loocv,imae,1.0,1.0
deterministic,88,loocv,maxerr,1.0,1.0
deterministic,88,silverman,imse,1.0,1.0
deterministic,88,silverman,imae,1.0,1.0
deterministic,88,silverman,maxerr,1.0,1.0
deterministic,89,cv,imse,1.0,1.0
deterministic,89,cv,imae,1.0,1.0
deterministic,89,cv,maxerr,1.0,1.0
deterministic,89,loocv,imse,1.0,1.0
deterministic,89,loocv,imae,1.0,1.0
deterministic,89,loocv,maxerr,1.0,1.0
deterministic,89,silverman,imse,1.0,1.0
deterministic,89,silverman,imae,1.0,1.0
deterministic,89,silverman,maxerr,1.0,1.0
deterministic,90,cv,imse,1.0,1.0
deterministic,90,cv,imae,1.0,1.0
deterministic,90,cv,maxerr,1.0,1.0
deterministic,90,loocv,imse,1.0,1.0
deterministic,90,loocv,imae,1.0,1.0
deterministic,90,loocv,maxerr,1.0,1.0
deterministic,90,silverman,imse,1.0,1.0
deterministic,90,silverman,imae,1.0,1.0
deterministic,90,silverman,maxerr,1.0,1.0
deterministic,91,cv,imse,1.0,1.0
deterministic,91,cv,imae,1.0,1.0
deterministic,91,cv,maxerr,1.0,1.0
deterministic,91,loocv,imse,1.0,1.0
deterministic,91,loocv,imae,1.0,1.0
deterministic,91,loocv,maxerr,1.0,1.0
deterministic,91,silverman,imse,1.0,1.0
deterministic,91,silverman,imae,1.0,1.0
deterministic,91,silverman,maxerr,1.0,1.0
deterministic,92,cv,imse,1.0,1.0
deterministic,92,cv,imae,1.0,1.0
deterministic,92,cv,maxerr,1.0,1.0
deterministic,92,loocv,imse,1.0,1.0
deterministic,92,loocv,imae,1.0,1.0
deterministic,92,loocv,maxerr,1.0,1.0
deterministic,92,silverman,imse,1.0,1.0
deterministic,92,silverman,imae,1.0,1.0
deterministic,92,silverman,maxerr,1.0,1.0
deterministic,93,cv,imse,1.0,1.0
deterministic,93,cv,imae,1.0,1.0
deterministic,93,cv,maxerr,1.0,1.0
deterministic,93,loocv,imse,1.0,1.0
deterministic,93,loocv,imae,1.0,1.0
deterministic,93,loocv,maxerr,1.0,1.0
deterministic,93,silverman,imse,1.0,1.0
deterministic,93,silverman,imae,1.0,1.0
deterministic,93,silverman,maxerr,1.0,1.0
deterministic,94,cv,imse,1.0,1.0
deterministic,94,cv,imae,1.0,1.0
deterministic,94,cv,maxerr,1.0,1.0
deterministic,94,loocv,imse,1.0,1.0
deterministic,94,loocv,imae,1.0,1.0
deterministic,94,loocv,maxerr,1.0,1.0
deterministic,94,silverman,imse,1.0,1.0
deterministic,94,silverman,imae,1.0,1.0
deterministic,94,silverman,maxerr,1.0,1.0
deterministic,96,cv,imse,1.0,1.0
deterministic,96,cv,imae,1.0,1.0
deterministic,96,cv,maxerr,1.0,1.0
deterministic,96,loocv,imse,1.0,1.0
deterministic,96,loocv,imae,1.0,1.0
deterministic,96,loocv,maxerr,1.0,1.0
deterministic,96,silverman,imse,1.0,1.0
deterministic,96,silverman,imae,1.0,1.0
deterministic,96,silverman,maxerr,1.0,1.0
deterministic,97,cv,imse,1.0,1.0
deterministic,97,cv,imae,1.0,1.0
deterministic,97,cv,maxerr,1.0,1.0
deterministic,97,loocv,imse,1.0,1.0
deterministic,97,loocv,imae,1.0,1.0
deterministic,97,loocv,maxerr,1.0,1.0
deterministic,97,silverman,imse,1.0,1.0
deterministic,97,silverman,imae,1.0,1.0
deterministic,97,silverman,maxerr,1.0,1.0
deterministic,98,cv,imse,1.0,1.0
deterministic,98,cv,imae,1.0,1.0
deterministic,98,cv,maxerr,1.0,1.0
deterministic,98,loocv,imse,1.0,1.0
deterministic,98,loocv,imae,1.0,1.0
deterministic,98,loocv,maxerr,1.0,1.0
deterministic,98,silverman,imse,1.0,1.0
deterministic,98,silverman,imae,1.0,1.0
deterministic,98,silverman,maxerr,1.0,1.0
deterministic,99,cv,imse,1.0,1.0
deterministic,99,cv,imae,1.0,1.0
deterministic,99,cv,maxerr,1.0,1.0
deterministic,99,loocv,imse,1.0,1.0
deterministic,99,loocv,imae,1.0,1.0
deterministic,99,loocv,maxerr,1.0,1.0
deterministic,99,silverman,imse,1.0,1.0
deterministic,99,silverman,imae,1.0,1.0
deterministic,99,silverman,maxerr,1.0,1.0
deterministic,100,cv,imse,1.0,1.0
deterministic,100,cv,imae,1.0,1.0
deterministic,100,cv,maxerr,1.0,1.0
deterministic,100,loocv,imse,1.0,1.0
deterministic,100,loocv,imae,1.0,1.0
deterministic,100,loocv,maxerr,1.0,1.0
deterministic,100,silverman,imse,1.0,1.0
deterministic,100,silverman,imae,1.0,1.0
deterministic,100,silverman,maxerr,1.0,1.0
deterministic,101,cv,imse,1.0,1.0
deterministic,101,cv,imae,1.0,1.0
deterministic,101,cv,maxerr,1.0,1.0
deterministic,101,loocv,imse,1.0,1.0
deterministic,101,loocv,imae,1.0,1.0
deterministic,101,loocv,maxerr,1.0,1.0
deterministic,101,silverman,imse,1.0,1.0
deterministic,101,silverman,imae,1.0,1.0
deterministic,101,silverman,maxerr,1.0,1.0
deterministic,102,cv,imse,1.0,1.0
deterministic,102,cv,imae,1.0,1.0
deterministic,102,cv,maxerr,1.0,1.0
deterministic,102,loocv,imse,1.0,1.0
deterministic,102,loocv,imae,1.0,1.0
deterministic,102,loocv,maxerr,1.0,1.0
deterministic,102,silverman,imse,1.0,1.0
deterministic,102,silverman,imae,1.0,1.0
deterministic,102,silverman,maxerr,1.0,1.0
deterministic,103,cv,imse,1.0,1.0
deterministic,103,cv,imae,1.0,1.0
deterministic,103,cv,maxerr,1.0,1.0
deterministic,105,cv,imse,1.0,1.0
deterministic,105,cv,imae,1.0,1.0
deterministic,105,cv,maxerr,1.0,1.0
deterministic,106,silverman,imse,1.0,1.0
deterministic,106,silverman,imae,1.0,1.0
deterministic,106,silverman,maxerr,1.0,1.0
deterministic,107,cv,imse,1.0,1.0
deterministic,107,cv,imae,1.0,1.0
deterministic,107,cv,maxerr,1.0,1.0
deterministic,107,loocv,imse,1.0,1.0
deterministic,107,loocv,imae,1.0,1.0
deterministic,107,loocv,maxerr,1.0,1.0
deterministic,107,silverman,imse,1.0,1.0
deterministic,107,silverman,imae,1.0,1.0
deterministic,107,silverman,maxerr,1.0,1.0
deterministic,108,cv,imse,1.0,1.0
deterministic,108,cv,imae,1.0,1.0
deterministic,108,cv,maxerr,1.0,1.0
deterministic,108,loocv,imse,1.0,1.0
deterministic,108,loocv,imae,1.0,1.0
deterministic,108,loocv,maxerr,1.0,1.0
deterministic,108,silverman,imse,1.0,1.0
deterministic,108,silverman,imae,1.0,1.0
deterministic,108,silverman,maxerr,1.0,1.0
deterministic,109,cv,imse,1.0,1.0
deterministic,109,cv,imae,1.0,1.0
deterministic,109,cv,maxerr,1.0,1.0
deterministic,109,loocv,imse,1.0,1.0
deterministic,109,loocv,imae,1.0,1.0
deterministic,109,loocv,maxerr,1.0,1.0
deterministic,109,silverman,imse,1.0,1.0
deterministic,109,silverman,imae,1.0,1.0
deterministic,109,silverman,maxerr,1.0,1.0
deterministic,110,cv,imse,1.0,1.0
deterministic,110,cv,imae,1.0,1.0
deterministic,110,cv,maxerr,1.0,1.0
deterministic,110,loocv,imse,1.0,1.0
deterministic,110,loocv,imae,1.0,1.0
deterministic,110,loocv,maxerr,1.0,1.0
deterministic,110,silverman,imse,1.0,1.0
deterministic,110,silverman,imae,1.0,1.0
deterministic,110,silverman,maxerr,1.0,1.0
deterministic,111,cv,imse,1.0,1.0
deterministic,111,cv,imae,1.0,1.0
deterministic,111,cv,maxerr,1.0,1.0
deterministic,111,loocv,imse,1.0,1.0
deterministic,111,loocv,imae,1.0,1.0
deterministic,111,loocv,maxerr,1.0,1.0
deterministic,111,silverman,imse,1.0,1.0
deterministic,111,silverman,imae,1.0,1.0
deterministic,111,silverman,maxerr,1.0,1.0
deterministic,112,cv,imse,1.0,1.0
deterministic,112,cv,imae,1.0,1.0
deterministic,112,cv,maxerr,1.0,1.0
deterministic,112,loocv,imse,1.0,1.0
deterministic,112,loocv,imae,1.0,1.0
deterministic,112,loocv,maxerr,1.0,1.0
deterministic,112,silverman,imse,1.0,1.0
deterministic,112,silverman,imae,1.0,1.0
deterministic,112,silverman,maxerr,1.0,1.0
deterministic,114,cv,imse,1.0,1.0
deterministic,114,cv,imae,1.0,1.0
deterministic,114,cv,maxerr,1.0,1.0
deterministic,114,loocv,imse,1.0,1.0
deterministic,114,loocv,imae,1.0,1.0
deterministic,114,loocv,maxerr,1.0,1.0
deterministic,114,silverman,imse,1.0,1.0
deterministic,114,silverman,imae,1.0,1.0
deterministic,114,silverman,maxerr,1.0,1.0
deterministic,115,cv,imse,1.0,1.0
deterministic,115,cv,imae,1.0,1.0
deterministic,115,cv,maxerr,1.0,1.0
deterministic,115,loocv,imse,1.0,1.0
deterministic,115,loocv,imae,1.0,1.0
deterministic,115,loocv,maxerr,1.0,1.0
deterministic,115,silverman,imse,1.0,1.0
deterministic,115,silverman,imae,1.0,1.0
deterministic,115,silverman,maxerr,1.0,1.0
deterministic,116,cv,imse,1.0,1.0
deterministic,116,cv,imae,1.0,1.0
deterministic,116,cv,maxerr,1.0,1.0
deterministic,116,loocv,imse,1.0,1.0
deterministic,116,loocv,imae,1.0,1.0
deterministic,116,loocv,maxerr,1.0,1.0
deterministic,116,silverman,imse,1.0,1.0
deterministic,116,silverman,imae,1.0,1.0
deterministic,116,silverman,maxerr,1.0,1.0
deterministic,117,cv,imse,1.0,1.0
deterministic,117,cv,imae,1.0,1.0
deterministic,117,cv,maxerr,1.0,1.0
deterministic,117,loocv,imse,1.0,1.0
deterministic,117,loocv,imae,1.0,1.0
deterministic,117,loocv,maxerr,1.0,1.0
deterministic,117,silverman,imse,1.0,1.0
deterministic,117,silverman,imae,1.0,1.0
deterministic,117,silverman,maxerr,1.0,1.0
deterministic,118,cv,imse,1.0,1.0
deterministic,118,cv,imae,1.0,1.0
deterministic,118,cv,maxerr,1.0,1.0
deterministic,118,loocv,imse,1.0,1.0
deterministic,118,loocv,imae,1.0,1.0
deterministic,118,loocv,maxerr,1.0,1.0
deterministic,118,silverman,imse,1.0,1.0
deterministic,118,silverman,imae,1.0,1.0
deterministic,118,silverman,maxerr,1.0,1.0
deterministic,119,cv,imse,1.0,1.0
deterministic,119,cv,imae,1.0,1.0
deterministic,119,cv,maxerr,1.0,1.0
deterministic,119,loocv,imse,1.0,1.0
deterministic,119,loocv,imae,1.0,1.0
deterministic,119,loocv,maxerr,1.0,1.0
deterministic,119,silverman,imse,1.0,1.0
deterministic,119,silverman,imae,1.0,1.0
deterministic,119,silverman,maxerr,1.0,1.0
deterministic,121,cv,imse,1.0,1.0
deterministic,121,cv,imae,1.0,1.0
deterministic,121,cv,maxerr,1.0,1.0
deterministic,121,loocv,imse,1.0,1.0
deterministic,121,loocv,imae,1.0,1.0
deterministic,121,loocv,maxerr,1.0,1.0
deterministic,122,cv,imse,1.0,1.0
deterministic,122,cv,imae,1.0,1.0
deterministic,122,cv,maxerr,1.0,1.0
deterministic,122,loocv,imse,1.0,1.0
deterministic,122,loocv,imae,1.0,1.0
deterministic,122,loocv,maxerr,1.0,1.0
deterministic,122,silverman,imse,1.0,1.0
deterministic,122,silverman,imae,1.0,1.0
deterministic,122,silverman,maxerr,1.0,1.0
deterministic,123,loocv,imse,1.0,1.0
deterministic,123,loocv,imae,1.0,1.0
deterministic,123,loocv,maxerr,1.0,1.0
deterministic,125,cv,imse,1.0,1.0
deterministic,125,cv,imae,1.0,1.0
deterministic,125,cv,maxerr,1.0,1.0
deterministic,125,loocv,imse,1.0,1.0
deterministic,125,loocv,imae,1.0,1.0
deterministic,125,loocv,maxerr,1.0,1.0
deterministic,125,silverman,imse,1.0,1.0
deterministic,125,silverman,imae,1.0,1.0
deterministic,125,silverman,maxerr,1.0,1.0
deterministic,127,cv,imse,1.0,1.0
deterministic,127,cv,imae,1.0,1.0
deterministic,127,cv,maxerr,1.0,1.0
deterministic,127,loocv,imse,1.0,1.0
deterministic,127,loocv,imae,1.0,1.0
deterministic,127,loocv,maxerr,1.0,1.0
deterministic,127,silverman,imse,1.0,1.0
deterministic,127,silverman,imae,1.0,1.0
deterministic,127,silverman,maxerr,1.0,1.0
deterministic,128,cv,imse,1.0,1.0
deterministic,128,cv,imae,1.0,1.0
deterministic,128,cv,maxerr,1.0,1.0
deterministic,128,loocv,imse,1.0,1.0
deterministic,128,loocv,imae,1.0,1.0
deterministic,128,loocv,maxerr,1.0,1.0
deterministic,128,silverman,imse,1.0,1.0
deterministic,128,silverman,imae,1.0,1.0
deterministic,128,silverman,maxerr,1.0,1.0
deterministic,129,cv,imse,1.0,1.0
deterministic,129,cv,imae,1.0,1.0
deterministic,129,cv,maxerr,1.0,1.0
deterministic,129,loocv,imse,1.0,1.0
deterministic,129,loocv,imae,1.0,1.0
deterministic,129,loocv,maxerr,1.0,1.0
deterministic,129,silverman,imse,1.0,1.0
deterministic,129,silverman,imae,1.0,1.0
deterministic,129,silverman,maxerr,1.0,1.0
deterministic,131,cv,imse,1.0,1.0
deterministic,131,cv,imae,1.0,1.0
deterministic,131,cv,maxerr,1.0,1.0
deterministic,131,loocv,imse,1.0,1.0
deterministic,131,loocv,imae,1.0,1.0
deterministic,131,loocv,maxerr,1.0,1.0
deterministic,131,silverman,imse,1.0,1.0
deterministic,131,silverman,imae,1.0,1.0
deterministic,131,silverman,maxerr,1.0,1.0
deterministic,133,cv,imse,1.0,1.0
deterministic,133,cv,imae,1.0,1.0
deterministic,133,cv,maxerr,1.0,1.0
deterministic,133,loocv,imse,1.0,1.0
deterministic,133,loocv,imae,1.0,1.0
deterministic,133,loocv,maxerr,1.0,1.0
deterministic,134,cv,imse,1.0,1.0
deterministic,134,cv,imae,1.0,1.0
deterministic,134,cv,maxerr,1.0,1.0
deterministic,134,loocv,imse,1.0,1.0
deterministic,134,loocv,imae,1.0,1.0
deterministic,134,loocv,maxerr,1.0,1.0
deterministic,135,cv,imse,1.0,1.0
deterministic,135,cv,imae,1.0,1.0
deterministic,135,cv,maxerr,1.0,1.0
deterministic,135,loocv,imse,1.0,1.0
deterministic,135,loocv,imae,1.0,1.0
deterministic,135,loocv,maxerr,1.0,1.0
deterministic,135,silverman,imse,1.0,1.0
deterministic,135,silverman,imae,1.0,1.0
deterministic,135,silverman,maxerr,1.0,1.0
deterministic,136,cv,imse,1.0,1.0
deterministic,136,cv,imae,1.0,1.0
deterministic,136,cv,maxerr,1.0,1.0
deterministic,136,loocv,imse,1.0,1.0
deterministic,136,loocv,imae,1.0,1.0
deterministic,136,loocv,maxerr,1.0,1.0
deterministic,136,silverman,imse,1.0,1.0
deterministic,136,silverman,imae,1.0,1.0
deterministic,136,silverman,maxerr,1.0,1.0
deterministic,137,cv,imse,1.0,1.0
deterministic,137,cv,imae,1.0,1.0
deterministic,137,cv,maxerr,1.0,1.0
deterministic,137,loocv,imse,1.0,1.0
deterministic,137,loocv,imae,1.0,1.0
deterministic,137,loocv,maxerr,1.0,1.0
deterministic,137,silverman,imse,1.0,1.0
deterministic,137,silverman,imae,1.0,1.0
deterministic,137,silverman,maxerr,1.0,1.0
deterministic,138,cv,imse,1.0,1.0
deterministic,138,cv,imae,1.0,1.0
deterministic,138,cv,maxerr,1.0,1.0
deterministic,138,loocv,imse,1.0,1.0
deterministic,138,loocv,imae,1.0,1.0
deterministic,138,loocv,maxerr,1.0,1.0
deterministic,138,silverman,imse,1.0,1.0
deterministic,138,silverman,imae,1.0,1.0
deterministic,138,silverman,maxerr,1.0,1.0
deterministic,140,cv,imse,1.0,1.0
deterministic,140,cv,imae,1.0,1.0
deterministic,140,cv,maxerr,1.0,1.0
deterministic,140,loocv,imse,1.0,1.0
deterministic,140,loocv,imae,1.0,1.0
deterministic,140,loocv,maxerr,1.0,1.0
deterministic,140,silverman,imse,1.0,1.0
deterministic,140,silverman,imae,1.0,1.0
deterministic,140,silverman,maxerr,1.0,1.0
deterministic,141,cv,imse,1.0,1.0
deterministic,141,cv,imae,1.0,1.0
deterministic,141,cv,maxerr,1.0,1.0
deterministic,141,loocv,imse,1.0,1.0
deterministic,141,loocv,imae,1.0,1.0
deterministic,141,loocv,maxerr,1.0,1.0
deterministic,141,silverman,imse,1.0,1.0
deterministic,141,silverman,imae,1.0,1.0
deterministic,141,silverman,maxerr,1.0,1.0
deterministic,142,cv,imse,1.0,1.0
deterministic,142,cv,imae,1.0,1.0
deterministic,142,cv,maxerr,1.0,1.0
deterministic,142,loocv,imse,1.0,1.0
deterministic,142,loocv,imae,1.0,1.0
deterministic,142,loocv,maxerr,1.0,1.0
deterministic,142,silverman,imse,1.0,1.0
deterministic,142,silverman,imae,1.0,1.0
deterministic,142,silverman,maxerr,1.0,1.0
deterministic,143,cv,imse,1.0,1.0
deterministic,143,cv,imae,1.0,1.0
deterministic,143,cv,maxerr,1.0,1.0
deterministic,143,loocv,imse,1.0,1.0
deterministic,143,loocv,imae,1.0,1.0
deterministic,143,loocv,maxerr,1.0,1.0
deterministic,143,silverman,imse,1.0,1.0
deterministic,143,silverman,imae,1.0,1.0
deterministic,143,silverman,maxerr,1.0,1.0
deterministic,145,cv,imse,1.0,1.0
deterministic,145,cv,imae,1.0,1.0
deterministic,145,cv,maxerr,1.0,1.0
deterministic,145,loocv,imse,1.0,1.0
deterministic,145,loocv,imae,1.0,1.0
deterministic,145,loocv,maxerr,1.0,1.0
deterministic,145,silverman,imse,1.0,1.0
deterministic,145,silverman,imae,1.0,1.0
deterministic,145,silverman,maxerr,1.0,1.0
deterministic,146,cv,imse,1.0,1.0
deterministic,146,cv,imae,1.0,1.0
deterministic,146,cv,maxerr,1.0,1.0
deterministic,146,loocv,imse,1.0,1.0
deterministic,146,loocv,imae,1.0,1.0
deterministic,146,loocv,maxerr,1.0,1.0
deterministic,146,silverman,imse,1.0,1.0
deterministic,146,silverman,imae,1.0,1.0
deterministic,146,silverman,maxerr,1.0,1.0
deterministic,147,cv,imse,1.0,1.0
deterministic,147,cv,imae,1.0,1.0
deterministic,147,cv,maxerr,1.0,1.0
deterministic,147,loocv,imse,1.0,1.0
deterministic,147,loocv,imae,1.0,1.0
deterministic,147,loocv,maxerr,1.0,1.0
deterministic,147,silverman,imse,1.0,1.0
deterministic,147,silverman,imae,1.0,1.0
deterministic,147,silverman,maxerr,1.0,1.0
deterministic,148,cv,imse,1.0,1.0
deterministic,148,cv,imae,1.0,1.0
deterministic,148,cv,maxerr,1.0,1.0
deterministic,148,loocv,imse,1.0,1.0
deterministic,148,loocv,imae,1.0,1.0
deterministic,148,loocv,maxerr,1.0,1.0
deterministic,148,silverman,imse,1.0,1.0
deterministic,148,silverman,imae,1.0,1.0
deterministic,148,silverman,maxerr,1.0,1.0
deterministic,149,cv,imse,1.0,1.0
deterministic,149,cv,imae,1.0,1.0
deterministic,149,cv,maxerr,1.0,1.0
deterministic,149,loocv,imse,1.0,1.0
deterministic,149,loocv,imae,1.0,1.0
deterministic,149,loocv,maxerr,1.0,1.0
deterministic,149,silverman,imse,1.0,1.0
deterministic,149,silverman,imae,1.0,1.0
deterministic,149,silverman,maxerr,1.0,1.0
deterministic,150,cv,imse,1.0,1.0
deterministic,150,cv,imae,1.0,1.0
deterministic,150,cv,maxerr,1.0,1.0
deterministic,150,loocv,imse,1.0,1.0
deterministic,150,loocv,imae,1.0,1.0
deterministic,150,loocv,maxerr,1.0,1.0
deterministic,150,silverman,imse,1.0,1.0
deterministic,150,silverman,imae,1.0,1.0
deterministic,150,silverman,maxerr,1.0,1.0
deterministic,151,cv,imse,1.0,1.0
deterministic,151,cv,imae,1.0,1.0
deterministic,151,cv,maxerr,1.0,1.0
deterministic,151,loocv,imse,1.0,1.0
deterministic,151,loocv,imae,1.0,1.0
deterministic,151,loocv,maxerr,1.0,1.0
deterministic,151,silverman,imse,1.0,1.0
deterministic,151,silverman,imae,1.0,1.0
deterministic,151,silverman,maxerr,1.0,1.0
deterministic,152,cv,imse,1.0,1.0
deterministic,152,cv,imae,1.0,1.0
deterministic,152,cv,maxerr,1.0,1.0
deterministic,152,loocv,imse,1.0,1.0
deterministic,152,loocv,imae,1.0,1.0
deterministic,152,loocv,maxerr,1.0,1.0
deterministic,152,silverman,imse,1.0,1.0
deterministic,152,silverman,imae,1.0,1.0
deterministic,152,silverman,maxerr,1.0,1.0
deterministic,153,cv,imse,1.0,1.0
deterministic,153,cv,imae,1.0,1.0
deterministic,153,cv,maxerr,1.0,1.0
deterministic,153,loocv,imse,1.0,1.0
deterministic,153,loocv,imae,1.0,1.0
deterministic,153,loocv,maxerr,1.0,1.0
deterministic,153,silverman,imse,1.0,1.0
deterministic,153,silverman,imae,1.0,1.0
deterministic,153,silverman,maxerr,1.0,1.0
deterministic,155,silverman,imse,1.0,1.0
deterministic,155,silverman,imae,1.0,1.0
deterministic,155,silverman,maxerr,1.0,1.0
deterministic,156,cv,imse,1.0,1.0
deterministic,156,cv,imae,1.0,1.0
deterministic,156,cv,maxerr,1.0,1.0
deterministic,156,loocv,imse,1.0,1.0
deterministic,156,loocv,imae,1.0,1.0
deterministic,156,loocv,maxerr,1.0,1.0
deterministic,156,silverman,imse,1.0,1.0
deterministic,156,silverman,imae,1.0,1.0
deterministic,156,silverman,maxerr,1.0,1.0
deterministic,157,cv,imse,1.0,1.0
deterministic,157,cv,imae,1.0,1.0
deterministic,157,cv,maxerr,1.0,1.0
deterministic,157,silverman,imse,1.0,1.0
deterministic,157,silverman,imae,1.0,1.0
deterministic,157,silverman,maxerr,1.0,1.0
deterministic,158,cv,imse,1.0,1.0
deterministic,158,cv,imae,1.0,1.0
deterministic,158,cv,maxerr,1.0,1.0
deterministic,158,loocv,imse,1.0,1.0
deterministic,158,loocv,imae,1.0,1.0
deterministic,158,loocv,maxerr,1.0,1.0
deterministic,158,silverman,imse,1.0,1.0
deterministic,158,silverman,imae,1.0,1.0
deterministic,158,silverman,maxerr,1.0,1.0
deterministic,160,cv,imse,1.0,1.0
deterministic,160,cv,imae,1.0,1.0
deterministic,160,cv,maxerr,1.0,1.0
deterministic,160,loocv,imse,1.0,1.0
deterministic,160,loocv,imae,1.0,1.0
deterministic,160,loocv,maxerr,1.0,1.0
deterministic,160,silverman,imse,1.0,1.0
deterministic,160,silverman,imae,1.0,1.0
deterministic,160,silverman,maxerr,1.0,1.0
deterministic,162,silverman,imse,1.0,1.0
deterministic,162,silverman,imae,1.0,1.0
deterministic,162,silverman,maxerr,1.0,1.0
deterministic,163,cv,imse,1.0,1.0
deterministic,163,cv,imae,1.0,1.0
deterministic,163,cv,maxerr,1.0,1.0
deterministic,163,loocv,imse,1.0,1.0
deterministic,163,loocv,imae,1.0,1.0
deterministic,163,loocv,maxerr,1.0,1.0
deterministic,163,silverman,imse,1.0,1.0
deterministic,163,silverman,imae,1.0,1.0
deterministic,163,silverman,maxerr,1.0,1.0
deterministic,165,cv,imse,1.0,1.0
deterministic,165,cv,imae,1.0,1.0
deterministic,165,cv,maxerr,1.0,1.0
deterministic,165,loocv,imse,1.0,1.0
deterministic,165,loocv,imae,1.0,1.0
deterministic,165,loocv,maxerr,1.0,1.0
deterministic,165,silverman,imse,1.0,1.0
deterministic,165,silverman,imae,1.0,1.0
deterministic,165,silverman,maxerr,1.0,1.0
deterministic,168,cv,imse,1.0,1.0
deterministic,168,cv,imae,1.0,1.0
deterministic,168,cv,maxerr,1.0,1.0
deterministic,168,loocv,imse,1.0,1.0
deterministic,168,loocv,imae,1.0,1.0
deterministic,168,loocv,maxerr,1.0,1.0
deterministic,168,silverman,imse,1.0,1.0
deterministic,168,silverman,imae,1.0,1.0
deterministic,168,silverman,maxerr,1.0,1.0
deterministic,169,cv,imse,1.0,1.0
deterministic,169,cv,imae,1.0,1.0
deterministic,169,cv,maxerr,1.0,1.0
deterministic,169,loocv,imse,1.0,1.0
deterministic,169,loocv,imae,1.0,1.0
deterministic,169,loocv,maxerr,1.0,1.0
deterministic,170,cv,imse,1.0,1.0
deterministic,170,cv,imae,1.0,1.0
deterministic,170,cv,maxerr,1.0,1.0
deterministic,170,loocv,imse,1.0,1.0
deterministic,170,loocv,imae,1.0,1.0
deterministic,170,loocv,maxerr,1.0,1.0
deterministic,170,silverman,imse,1.0,1.0
deterministic,170,silverman,imae,1.0,1.0
deterministic,170,silverman,maxerr,1.0,1.0
deterministic,172,cv,imse,1.0,1.0
deterministic,172,cv,imae,1.0,1.0
deterministic,172,cv,maxerr,1.0,1.0
deterministic,172,loocv,imse,1.0,1.0
deterministic,172,loocv,imae,1.0,1.0
deterministic,172,loocv,maxerr,1.0,1.0
deterministic,172,silverman,imse,1.0,1.0
deterministic,172,silverman,imae,1.0,1.0
deterministic,172,silverman,maxerr,1.0,1.0
deterministic,173,cv,imse,1.0,1.0
deterministic,173,cv,imae,1.0,1.0
deterministic,173,cv,maxerr,1.0,1.0
deterministic,173,loocv,imse,1.0,1.0
deterministic,173,loocv,imae,1.0,1.0
deterministic,173,loocv,maxerr,1.0,1.0
deterministic,173,silverman,imse,1.0,1.0
deterministic,173,silverman,imae,1.0,1.0
deterministic,173,silverman,maxerr,1.0,1.0
deterministic,175,cv,imse,1.0,1.0
deterministic,175,cv,imae,1.0,1.0
deterministic,175,cv,maxerr,1.0,1.0
deterministic,175,loocv,imse,1.0,1.0
deterministic,175,loocv,imae,1.0,1.0
deterministic,175,loocv,maxerr,1.0,1.0
deterministic,175,silverman,imse,1.0,1.0
deterministic,175,silverman,imae,1.0,1.0
deterministic,175,silverman,maxerr,1.0,1.0
deterministic,176,cv,imse,1.0,1.0
deterministic,176,cv,imae,1.0,1.0
deterministic,176,cv,maxerr,1.0,1.0
deterministic,176,loocv,imse,1.0,1.0
deterministic,176,loocv,imae,1.0,1.0
deterministic,176,loocv,maxerr,1.0,1.0
deterministic,176,silverman,imse,1.0,1.0
deterministic,176,silverman,imae,1.0,1.0
deterministic,176,silverman,maxerr,1.0,1.0
deterministic,177,loocv,imse,1.0,1.0
deterministic,177,loocv,imae,1.0,1.0
deterministic,177,loocv,maxerr,1.0,1.0
deterministic,177,silverman,imse,1.0,1.0
deterministic,177,silverman,imae,1.0,1.0
deterministic,177,silverman,maxerr,1.0,1.0
deterministic,178,cv,imse,1.0,1.0
deterministic,178,cv,imae,1.0,1.0
deterministic,178,cv,maxerr,1.0,1.0
deterministic,178,loocv,imse,1.0,1.0
deterministic,178,loocv,imae,1.0,1.0
deterministic,178,loocv,maxerr,1.0,1.0
deterministic,178,silverman,imse,1.0,1.0
deterministic,178,silverman,imae,1.0,1.0
deterministic,178,silverman,maxerr,1.0,1.0
deterministic,179,cv,imse,1.0,1.0
deterministic,179,cv,imae,1.0,1.0
deterministic,179,cv,maxerr,1.0,1.0
deterministic,179,loocv,imse,1.0,1.0
deterministic,179,loocv,imae,1.0,1.0
deterministic,179,loocv,maxerr,1.0,1.0
deterministic,179,silverman,imse,1.0,1.0
deterministic,179,silverman,imae,1.0,1.0
deterministic,179,silverman,maxerr,1.0,1.0
deterministic,181,cv,imse,1.0,1.0
deterministic,181,cv,imae,1.0,1.0
deterministic,181,cv,maxerr,1.0,1.0
deterministic,181,loocv,imse,1.0,1.0
deterministic,181,loocv,imae,1.0,1.0
deterministic,181,loocv,maxerr,1.0,1.0
deterministic,181,silverman,imse,1.0,1.0
deterministic,181,silverman,imae,1.0,1.0
deterministic,181,silverman,maxerr,1.0,1.0
deterministic,183,cv,imse,1.0,1.0
deterministic,183,cv,imae,1.0,1.0
deterministic,183,cv,maxerr,1.0,1.0
deterministic,183,loocv,imse,1.0,1.0
deterministic,183,loocv,imae,1.0,1.0
deterministic,183,loocv,maxerr,1.0,1.0
deterministic,183,silverman,imse,1.0,1.0
deterministic,183,silverman,imae,1.0,1.0
deterministic,183,silverman,maxerr,1.0,1.0
deterministic,185,cv,imse,1.0,1.0
deterministic,185,cv,imae,1.0,1.0
deterministic,185,cv,maxerr,1.0,1.0
deterministic,185,loocv,imse,1.0,1.0
deterministic,185,loocv,imae,1.0,1.0
deterministic,185,loocv,maxerr,1.0,1.0
deterministic,185,silverman,imse,1.0,1.0
deterministic,185,silverman,imae,1.0,1.0
deterministic,185,silverman,maxerr,1.0,1.0
deterministic,188,cv,imse,1.0,1.0
deterministic,188,cv,imae,1.0,1.0
deterministic,188,cv,maxerr,1.0,1.0
deterministic,188,loocv,imse,1.0,1.0
deterministic,188,loocv,imae,1.0,1.0
deterministic,188,loocv,maxerr,1.0,1.0
deterministic,188,silverman,imse,1.0,1.0
deterministic,188,silverman,imae,1.0,1.0
deterministic,188,silverman,maxerr,1.0,1.0
deterministic,189,cv,imse,1.0,1.0
deterministic,189,cv,imae,1.0,1.0
deterministic,189,cv,maxerr,1.0,1.0
deterministic,189,loocv,imse,1.0,1.0
deterministic,189,loocv,imae,1.0,1.0
deterministic,189,loocv,maxerr,1.0,1.0
deterministic,189,silverman,imse,1.0,1.0
deterministic,189,silverman,imae,1.0,1.0
deterministic,189,silverman,maxerr,1.0,1.0
deterministic,190,cv,imse,1.0,1.0
deterministic,190,cv,imae,1.0,1.0
deterministic,190,cv,maxerr,1.0,1.0
deterministic,190,loocv,imse,1.0,1.0
deterministic,190,loocv,imae,1.0,1.0
deterministic,190,loocv,maxerr,1.0,1.0
deterministic,190,silverman,imse,1.0,1.0
deterministic,190,silverman,imae,1.0,1.0
deterministic,190,silverman,maxerr,1.0,1.0
deterministic,191,cv,imse,1.0,1.0
deterministic,191,cv,imae,1.0,1.0
deterministic,191,cv,maxerr,1.0,1.0
deterministic,191,loocv,imse,1.0,1.0
deterministic,191,loocv,imae,1.0,1.0
deterministic,191,loocv,maxerr,1.0,1.0
deterministic,191,silverman,imse,1.0,1.0
deterministic,191,silverman,imae,1.0,1.0
deterministic,191,silverman,maxerr,1.0,1.0
deterministic,192,cv,imse,1.0,1.0
deterministic,192,cv,imae,1.0,1.0
deterministic,192,cv,maxerr,1.0,1.0
deterministic,192,loocv,imse,1.0,1.0
deterministic,192,loocv,imae,1.0,1.0
deterministic,192,loocv,maxerr,1.0,1.0
deterministic,193,cv,imse,1.0,1.0
deterministic,193,cv,imae,1.0,1.0
deterministic,193,cv,maxerr,1.0,1.0
deterministic,193,loocv,imse,1.0,1.0
deterministic,193,loocv,imae,1.0,1.0
deterministic,193,loocv,maxerr,1.0,1.0
deterministic,193,silverman,imse,1.0,1.0
deterministic,193,silverman,imae,1.0,1.0
deterministic,193,silverman,maxerr,1.0,1.0
deterministic,194,silverman,imse,1.0,1.0
deterministic,194,silverman,imae,1.0,1.0
deterministic,194,silverman,maxerr,1.0,1.0
deterministic,196,cv,imse,1.0,1.0
deterministic,196,cv,imae,1.0,1.0
deterministic,196,cv,maxerr,1.0,1.0
deterministic,196,loocv,imse,1.0,1.0
deterministic,196,loocv,imae,1.0,1.0
deterministic,196,loocv,maxerr,1.0,1.0
deterministic,196,silverman,imse,1.0,1.0
deterministic,196,silverman,imae,1.0,1.0
deterministic,196,silverman,maxerr,1.0,1.0
deterministic,197,cv,imse,1.0,1.0
deterministic,197,cv,imae,1.0,1.0
deterministic,197,cv,maxerr,1.0,1.0
deterministic,197,loocv,imse,1.0,1.0
deterministic,197,loocv,imae,1.0,1.0
deterministic,197,loocv,maxerr,1.0,1.0
deterministic,197,silverman,imse,1.0,1.0
deterministic,197,silverman,imae,1.0,1.0
deterministic,197,silverman,maxerr,1.0,1.0
deterministic,198,cv,imse,1.0,1.0
deterministic,198,cv,imae,1.0,1.0
deterministic,198,cv,maxerr,1.0,1.0
deterministic,198,loocv,imse,1.0,1.0
deterministic,198,loocv,imae,1.0,1.0
deterministic,198,loocv,maxerr,1.0,1.0
deterministic,198,silverman,imse,1.0,1.0
deterministic,198,silverman,imae,1.0,1.0
deterministic,198,silverman,maxerr,1.0,1.0
deterministic,199,cv,imse,1.0,1.0
deterministic,199,cv,imae,1.0,1.0
deterministic,199,cv,maxerr,1.0,1.0
deterministic,199,loocv,imse,1.0,1.0
deterministic,199,loocv,imae,1.0,1.0
deterministic,199,loocv,maxerr,1.0,1.0
deterministic,199,silverman,imse,1.0,1.0
deterministic,199,silverman,imae,1.0,1.0
deterministic,199,silverman,maxerr,1.0,1.0
deterministic,200,cv,imse,1.0,1.0
deterministic,200,cv,imae,1.0,1.0
deterministic,200,cv,maxerr,1.0,1.0
deterministic,200,loocv,imse,1.0,1.0
deterministic,200,loocv,imae,1.0,1.0
deterministic,200,loocv,maxerr,1.0,1.0
deterministic,200,silverman,imse,1.0,1.0
deterministic,200,silverman,imae,1.0,1.0
deterministic,200,silverman,maxerr,1.0,1.0
deterministic,201,cv,imse,1.0,1.0
deterministic,201,cv,imae,1.0,1.0
deterministic,201,cv,maxerr,1.0,1.0
deterministic,201,loocv,imse,1.0,1.0
deterministic,201,loocv,imae,1.0,1.0
deterministic,201,loocv,maxerr,1.0,1.0
deterministic,201,silverman,imse,1.0,1.0
deterministic,201,silverman,imae,1.0,1.0
deterministic,201,silverman,maxerr,1.0,1.0
deterministic,202,cv,imse,1.0,1.0
deterministic,202,cv,imae,1.0,1.0
deterministic,202,cv,maxerr,1.0,1.0
deterministic,202,loocv,imse,1.0,1.0
deterministic,202,loocv,imae,1.0,1.0
deterministic,202,loocv,maxerr,1.0,1.0
deterministic,202,silverman,imse,1.0,1.0
deterministic,202,silverman,imae,1.0,1.0
deterministic,202,silverman,maxerr,1.0,1.0
deterministic,203,cv,imse,1.0,1.0
deterministic,203,cv,imae,1.0,1.0
deterministic,203,cv,maxerr,1.0,1.0
deterministic,203,loocv,imse,1.0,1.0
deterministic,203,loocv,imae,1.0,1.0
deterministic,203,loocv,maxerr,1.0,1.0
deterministic,203,silverman,imse,1.0,1.0
deterministic,203,silverman,imae,1.0,1.0
deterministic,203,silverman,maxerr,1.0,1.0
deterministic,204,cv,imse,1.0,1.0
deterministic,204,cv,imae,1.0,1.0
deterministic,204,cv,maxerr,1.0,1.0
deterministic,204,loocv,imse,1.0,1.0
deterministic,204,loocv,imae,1.0,1.0
deterministic,204,loocv,maxerr,1.0,1.0
deterministic,204,silverman,imse,1.0,1.0
deterministic,204,silverman,imae,1.0,1.0
deterministic,204,silverman,maxerr,1.0,1.0
deterministic,205,cv,imse,1.0,1.0
deterministic,205,cv,imae,1.0,1.0
deterministic,205,cv,maxerr,1.0,1.0
deterministic,205,loocv,imse,1.0,1.0
deterministic,205,loocv,imae,1.0,1.0
deterministic,205,loocv,maxerr,1.0,1.0
deterministic,205,silverman,imse,1.0,1.0
deterministic,205,silverman,imae,1.0,1.0
deterministic,205,silverman,maxerr,1.0,1.0
deterministic,206,cv,imse,1.0,1.0
deterministic,206,cv,imae,1.0,1.0
deterministic,206,cv,maxerr,1.0,1.0
deterministic,206,loocv,imse,1.0,1.0
deterministic,206,loocv,imae,1.0,1.0
deterministic,206,loocv,maxerr,1.0,1.0
deterministic,206,silverman,imse,1.0,1.0
deterministic,206,silverman,imae,1.0,1.0
deterministic,206,silverman,maxerr,1.0,1.0
deterministic,207,silverman,imse,1.0,1.0
deterministic,207,silverman,imae,1.0,1.0
deterministic,207,silverman,maxerr,1.0,1.0
deterministic,208,cv,imse,1.0,1.0
deterministic,208,cv,imae,1.0,1.0
deterministic,208,cv,maxerr,1.0,1.0
deterministic,208,loocv,imse,1.0,1.0
deterministic,208,loocv,imae,1.0,1.0
deterministic,208,loocv,maxerr,1.0,1.0
deterministic,209,cv,imse,1.0,1.0
deterministic,209,cv,imae,1.0,1.0
deterministic,209,cv,maxerr,1.0,1.0
deterministic,209,loocv,imse,1.0,1.0
deterministic,209,loocv,imae,1.0,1.0
deterministic,209,loocv,maxerr,1.0,1.0
deterministic,209,silverman,imse,1.0,1.0
deterministic,209,silverman,imae,1.0,1.0
deterministic,209,silverman,maxerr,1.0,1.0
deterministic,210,cv,imse,1.0,1.0
deterministic,210,cv,imae,1.0,1.0
deterministic,210,cv,maxerr,1.0,1.0
deterministic,210,loocv,imse,1.0,1.0
deterministic,210,loocv,imae,1.0,1.0
deterministic,210,loocv,maxerr,1.0,1.0
deterministic,210,silverman,imse,1.0,1.0
deterministic,210,silverman,imae,1.0,1.0
deterministic,210,silverman,maxerr,1.0,1.0
deterministic,211,cv,imse,1.0,1.0
deterministic,211,cv,imae,1.0,1.0
deterministic,211,cv,maxerr,1.0,1.0
deterministic,211,loocv,imse,1.0,1.0
deterministic,211,loocv,imae,1.0,1.0
deterministic,211,loocv,maxerr,1.0,1.0
deterministic,211,silverman,imse,1.0,1.0
deterministic,211,silverman,imae,1.0,1.0
deterministic,211,silverman,maxerr,1.0,1.0
deterministic,212,cv,imse,1.0,1.0
deterministic,212,cv,imae,1.0,1.0
deterministic,212,cv,maxerr,1.0,1.0
deterministic,212,loocv,imse,1.0,1.0
deterministic,212,loocv,imae,1.0,1.0
deterministic,212,loocv,maxerr,1.0,1.0
deterministic,212,silverman,imse,1.0,1.0
deterministic,212,silverman,imae,1.0,1.0
deterministic,212,silverman,maxerr,1.0,1.0
deterministic,213,loocv,imse,1.0,1.0
deterministic,213,loocv,imae,1.0,1.0
deterministic,213,loocv,maxerr,1.0,1.0
deterministic,213,silverman,imse,1.0,1.0
deterministic,213,silverman,imae,1.0,1.0
deterministic,213,silverman,maxerr,1.0,1.0
deterministic,214,cv,imse,1.0,1.0
deterministic,214,cv,imae,1.0,1.0
deterministic,214,cv,maxerr,1.0,1.0
deterministic,214,loocv,imse,1.0,1.0
deterministic,214,loocv,imae,1.0,1.0
deterministic,214,loocv,maxerr,1.0,1.0
deterministic,214,silverman,imse,1.0,1.0
deterministic,214,silverman,imae,1.0,1.0
deterministic,214,silverman,maxerr,1.0,1.0
deterministic,215,cv,imse,1.0,1.0
deterministic,215,cv,imae,1.0,1.0
deterministic,215,cv,maxerr,1.0,1.0
deterministic,215,loocv,imse,1.0,1.0
deterministic,215,loocv,imae,1.0,1.0
deterministic,215,loocv,maxerr,1.0,1.0
deterministic,215,silverman,imse,1.0,1.0
deterministic,215,silverman,imae,1.0,1.0
deterministic,215,silverman,maxerr,1.0,1.0
deterministic,216,cv,imse,1.0,1.0
deterministic,216,cv,imae,1.0,1.0
deterministic,216,cv,maxerr,1.0,1.0
deterministic,216,loocv,imse,1.0,1.0
deterministic,216,loocv,imae,1.0,1.0
deterministic,216,loocv,maxerr,1.0,1.0
deterministic,216,silverman,imse,1.0,1.0
deterministic,216,silverman,imae,1.0,1.0
deterministic,216,silverman,maxerr,1.0,1.0
deterministic,217,cv,imse,1.0,1.0
deterministic,217,cv,imae,1.0,1.0
deterministic,217,cv,maxerr,1.0,1.0
deterministic,217,loocv,imse,1.0,1.0
deterministic,217,loocv,imae,1.0,1.0
deterministic,217,loocv,maxerr,1.0,1.0
deterministic,217,silverman,imse,1.0,1.0
deterministic,217,silverman,imae,1.0,1.0
deterministic,217,silverman,maxerr,1.0,1.0
deterministic,218,cv,imse,1.0,1.0
deterministic,218,cv,imae,1.0,1.0
deterministic,218,cv,maxerr,1.0,1.0
deterministic,218,loocv,imse,1.0,1.0
deterministic,218,loocv,imae,1.0,1.0
deterministic,218,loocv,maxerr,1.0,1.0
deterministic,219,cv,imse,1.0,1.0
deterministic,219,cv,imae,1.0,1.0
deterministic,219,cv,maxerr,1.0,1.0
deterministic,219,loocv,imse,1.0,1.0
deterministic,219,loocv,imae,1.0,1.0
deterministic,219,loocv,maxerr,1.0,1.0
deterministic,219,silverman,imse,1.0,1.0
deterministic,219,silverman,imae,1.0,1.0
deterministic,219,silverman,maxerr,1.0,1.0
deterministic,220,cv,imse,1.0,1.0
deterministic,220,cv,imae,1.0,1.0
deterministic,220,cv,maxerr,1.0,1.0
deterministic,220,loocv,imse,1.0,1.0
deterministic,220,loocv,imae,1.0,1.0
deterministic,220,loocv,maxerr,1.0,1.0
deterministic,220,silverman,imse,1.0,1.0
deterministic,220,silverman,imae,1.0,1.0
deterministic,220,silverman,maxerr,1.0,1.0
deterministic,221,cv,imse,1.0,1.0
deterministic,221,cv,imae,1.0,1.0
deterministic,221,cv,maxerr,1.0,1.0
deterministic,221,silverman,imse,1.0,1.0
deterministic,221,silverman,imae,1.0,1.0
deterministic,221,silverman,maxerr,1.0,1.0
deterministic,222,cv,imse,1.0,1.0
deterministic,222,cv,imae,1.0,1.0
deterministic,222,cv,maxerr,1.0,1.0
deterministic,222,loocv,imse,1.0,1.0
deterministic,222,loocv,imae,1.0,1.0
deterministic,222,loocv,maxerr,1.0,1.0
deterministic,222,silverman,imse,1.0,1.0
deterministic,222,silverman,imae,1.0,1.0
deterministic,222,silverman,maxerr,1.0,1.0
deterministic,224,cv,imse,1.0,1.0
deterministic,224,cv,imae,1.0,1.0
deterministic,224,cv,maxerr,1.0,1.0
deterministic,224,loocv,imse,1.0,1.0
deterministic,224,loocv,imae,1.0,1.0
deterministic,224,loocv,maxerr,1.0,1.0
deterministic,224,silverman,imse,1.0,1.0
deterministic,224,silverman,imae,1.0,1.0
deterministic,224,silverman,maxerr,1.0,1.0
deterministic,225,cv,imse,1.0,1.0
deterministic,225,cv,imae,1.0,1.0
deterministic,225,cv,maxerr,1.0,1.0
deterministic,225,loocv,imse,1.0,1.0
deterministic,225,loocv,imae,1.0,1.0
deterministic,225,loocv,maxerr,1.0,1.0
deterministic,225,silverman,imse,1.0,1.0
deterministic,225,silverman,imae,1.0,1.0
deterministic,225,silverman,maxerr,1.0,1.0
deterministic,226,cv,imse,1.0,1.0
deterministic,226,cv,imae,1.0,1.0
deterministic,226,cv,maxerr,1.0,1.0
deterministic,226,loocv,imse,1.0,1.0
deterministic,226,loocv,imae,1.0,1.0
deterministic,226,loocv,maxerr,1.0,1.0
deterministic,226,silverman,imse,1.0,1.0
deterministic,226,silverman,imae,1.0,1.0
deterministic,226,silverman,maxerr,1.0,1.0
deterministic,227,cv,imse,1.0,1.0
deterministic,227,cv,imae,1.0,1.0
deterministic,227,cv,maxerr,1.0,1.0
deterministic,227,loocv,imse,1.0,1.0
deterministic,227,loocv,imae,1.0,1.0
deterministic,227,loocv,maxerr,1.0,1.0
deterministic,228,cv,imse,1.0,1.0
deterministic,228,cv,imae,1.0,1.0
deterministic,228,cv,maxerr,1.0,1.0
deterministic,228,loocv,imse,1.0,1.0
deterministic,228,loocv,imae,1.0,1.0
deterministic,228,loocv,maxerr,1.0,1.0
deterministic,228,silverman,imse,1.0,1.0
deterministic,228,silverman,imae,1.0,1.0
deterministic,228,silverman,maxerr,1.0,1.0
deterministic,230,cv,imse,1.0,1.0
deterministic,230,cv,imae,1.0,1.0
deterministic,230,cv,maxerr,1.0,1.0
deterministic,230,loocv,imse,1.0,1.0
deterministic,230,loocv,imae,1.0,1.0
deterministic,230,loocv,maxerr,1.0,1.0
deterministic,230,silverman,imse,1.0,1.0
deterministic,230,silverman,imae,1.0,1.0
deterministic,230,silverman,maxerr,1.0,1.0
deterministic,231,cv,imse,1.0,1.0
deterministic,231,cv,imae,1.0,1.0
deterministic,231,cv,maxerr,1.0,1.0
deterministic,231,loocv,imse,1.0,1.0
deterministic,231,loocv,imae,1.0,1.0
deterministic,231,loocv,maxerr,1.0,1.0
deterministic,231,silverman,imse,1.0,1.0
deterministic,231,silverman,imae,1.0,1.0
deterministic,231,silverman,maxerr,1.0,1.0
deterministic,232,cv,imse,1.0,1.0
deterministic,232,cv,imae,1.0,1.0
deterministic,232,cv,maxerr,1.0,1.0
deterministic,232,loocv,imse,1.0,1.0
deterministic,232,loocv,imae,1.0,1.0
deterministic,232,loocv,maxerr,1.0,1.0
deterministic,232,silverman,imse,1.0,1.0
deterministic,232,silverman,imae,1.0,1.0
deterministic,232,silverman,maxerr,1.0,1.0
deterministic,234,cv,imse,1.0,1.0
deterministic,234,cv,imae,1.0,1.0
deterministic,234,cv,maxerr,1.0,1.0
deterministic,234,loocv,imse,1.0,1.0
deterministic,234,loocv,imae,1.0,1.0
deterministic,234,loocv,maxerr,1.0,1.0
deterministic,234,silverman,imse,1.0,1.0
deterministic,234,silverman,imae,1.0,1.0
deterministic,234,silverman,maxerr,1.0,1.0
deterministic,235,cv,imse,1.0,1.0
deterministic,235,cv,imae,1.0,1.0
deterministic,235,cv,maxerr,1.0,1.0
deterministic,235,loocv,imse,1.0,1.0
deterministic,235,loocv,imae,1.0,1.0
deterministic,235,loocv,maxerr,1.0,1.0
deterministic,235,silverman,imse,1.0,1.0
deterministic,235,silverman,imae,1.0,1.0
deterministic,235,silverman,maxerr,1.0,1.0
deterministic,236,cv,imse,1.0,1.0
deterministic,236,cv,imae,1.0,1.0
deterministic,236,cv,maxerr,1.0,1.0
deterministic,236,loocv,imse,1.0,1.0
deterministic,236,loocv,imae,1.0,1.0
deterministic,236,loocv,maxerr,1.0,1.0
deterministic,236,silverman,imse,1.0,1.0
deterministic,236,silverman,imae,1.0,1.0
deterministic,236,silverman,maxerr,1.0,1.0
deterministic,237,cv,imse,1.0,1.0
deterministic,237,cv,imae,1.0,1.0
deterministic,237,cv,maxerr,1.0,1.0
deterministic,237,loocv,imse,1.0,1.0
deterministic,237,loocv,imae,1.0,1.0
deterministic,237,loocv,maxerr,1.0,1.0
deterministic,237,silverman,imse,1.0,1.0
deterministic,237,silverman,imae,1.0,1.0
deterministic,237,silverman,maxerr,1.0,1.0
deterministic,238,cv,imse,1.0,1.0
deterministic,238,cv,imae,1.0,1.0
deterministic,238,cv,maxerr,1.0,1.0
deterministic,238,loocv,imse,1.0,1.0
deterministic,238,loocv,imae,1.0,1.0
deterministic,238,loocv,maxerr,1.0,1.0
deterministic,238,silverman,imse,1.0,1.0
deterministic,238,silverman,imae,1.0,1.0
deterministic,238,silverman,maxerr,1.0,1.0
deterministic,239,cv,imse,1.0,1.0
deterministic,239,cv,imae,1.0,1.0
deterministic,239,cv,maxerr,1.0,1.0
deterministic,239,loocv,imse,1.0,1.0
deterministic,239,loocv,imae,1.0,1.0
deterministic,239,loocv,maxerr,1.0,1.0
deterministic,239,silverman,imse,1.0,1.0
deterministic,239,silverman,imae,1.0,1.0
deterministic,239,silverman,maxerr,1.0,1.0
deterministic,240,cv,imse,1.0,1.0
deterministic,240,cv,imae,1.0,1.0
deterministic,240,cv,maxerr,1.0,1.0
deterministic,240,loocv,imse,1.0,1.0
deterministic,240,loocv,imae,1.0,1.0
deterministic,240,loocv,maxerr,1.0,1.0
deterministic,240,silverman,imse,1.0,1.0
deterministic,240,silverman,imae,1.0,1.0
deterministic,240,silverman,maxerr,1.0,1.0
deterministic,241,loocv,imse,1.0,1.0
deterministic,241,loocv,imae,1.0,1.0
deterministic,241,loocv,maxerr,1.0,1.0
deterministic,241,silverman,imse,1.0,1.0
deterministic,241,silverman,imae,1.0,1.0
deterministic,241,silverman,maxerr,1.0,1.0
deterministic,242,cv,imse,1.0,1.0
deterministic,242,cv,imae,1.0,1.0
deterministic,242,cv,maxerr,1.0,1.0
deterministic,242,loocv,imse,1.0,1.0
deterministic,242,loocv,imae,1.0,1.0
deterministic,242,loocv,maxerr,1.0,1.0
deterministic,242,silverman,imse,1.0,1.0
deterministic,242,silverman,imae,1.0,1.0
deterministic,242,silverman,maxerr,1.0,1.0
deterministic,243,cv,imse,1.0,1.0
deterministic,243,cv,imae,1.0,1.0
deterministic,243,cv,maxerr,1.0,1.0
deterministic,243,loocv,imse,1.0,1.0
deterministic,243,loocv,imae,1.0,1.0
deterministic,243,loocv,maxerr,1.0,1.0
deterministic,243,silverman,imse,1.0,1.0
deterministic,243,silverman,imae,1.0,1.0
deterministic,243,silverman,maxerr,1.0,1.0
deterministic,244,cv,imse,1.0,1.0
deterministic,244,cv,imae,1.0,1.0
deterministic,244,cv,maxerr,1.0,1.0
deterministic,244,loocv,imse,1.0,1.0
deterministic,244,loocv,imae,1.0,1.0
deterministic,244,loocv,maxerr,1.0,1.0
deterministic,244,silverman,imse,1.0,1.0
deterministic,244,silverman,imae,1.0,1.0
deterministic,244,silverman,maxerr,1.0,1.0
deterministic,245,cv,imse,1.0,1.0
deterministic,245,cv,imae,1.0,1.0
deterministic,245,cv,maxerr,1.0,1.0
deterministic,245,loocv,imse,1.0,1.0
deterministic,245,loocv,imae,1.0,1.0
deterministic,245,loocv,maxerr,1.0,1.0
deterministic,245,silverman,imse,1.0,1.0
deterministic,245,silverman,imae,1.0,1.0
deterministic,245,silverman,maxerr,1.0,1.0
deterministic,246,silverman,imse,1.0,1.0
deterministic,246,silverman,imae,1.0,1.0
deterministic,246,silverman,maxerr,1.0,1.0
deterministic,247,cv,imse,1.0,1.0
deterministic,247,cv,imae,1.0,1.0
deterministic,247,cv,maxerr,1.0,1.0
deterministic,247,loocv,imse,1.0,1.0
deterministic,247,loocv,imae,1.0,1.0
deterministic,247,loocv,maxerr,1.0,1.0
deterministic,247,silverman,imse,1.0,1.0
deterministic,247,silverman,imae,1.0,1.0
deterministic,247,silverman,maxerr,1.0,1.0
deterministic,248,cv,imse,1.0,1.0
deterministic,248,cv,imae,1.0,1.0
deterministic,248,cv,maxerr,1.0,1.0
deterministic,248,loocv,imse,1.0,1.0
deterministic,248,loocv,imae,1.0,1.0
deterministic,248,loocv,maxerr,1.0,1.0
deterministic,248,silverman,imse,1.0,1.0
deterministic,248,silverman,imae,1.0,1.0
deterministic,248,silverman,maxerr,1.0,1.0
deterministic,249,cv,imse,1.0,1.0
deterministic,249,cv,imae,1.0,1.0
deterministic,249,cv,maxerr,1.0,1.0
deterministic,249,loocv,imse,1.0,1.0
deterministic,249,loocv,imae,1.0,1.0
deterministic,249,loocv,maxerr,1.0,1.0
deterministic,249,silverman,imse,1.0,1.0
deterministic,249,silverman,imae,1.0,1.0
deterministic,249,silverman,maxerr,1.0,1.0
deterministic,250,cv,imse,1.0,1.0
deterministic,250,cv,imae,1.0,1.0
deterministic,250,cv,maxerr,1.0,1.0
deterministic,250,loocv,imse,1.0,1.0
deterministic,250,loocv,imae,1.0,1.0
deterministic,250,loocv,maxerr,1.0,1.0
deterministic,250,silverman,imse,1.0,1.0
deterministic,250,silverman,imae,1.0,1.0
deterministic,250,silverman,maxerr,1.0,1.0
deterministic,251,cv,imse,1.0,1.0
deterministic,251,cv,imae,1.0,1.0
deterministic,251,cv,maxerr,1.0,1.0
deterministic,251,loocv,imse,1.0,1.0
deterministic,251,loocv,imae,1.0,1.0
deterministic,251,loocv,maxerr,1.0,1.0
deterministic,251,silverman,imse,1.0,1.0
deterministic,251,silverman,imae,1.0,1.0
deterministic,251,silverman,maxerr,1.0,1.0
deterministic,253,cv,imse,1.0,1.0
deterministic,253,cv,imae,1.0,1.0
deterministic,253,cv,maxerr,1.0,1.0
deterministic,253,loocv,imse,1.0,1.0
deterministic,253,loocv,imae,1.0,1.0
deterministic,253,loocv,maxerr,1.0,1.0
deterministic,253,silverman,imse,1.0,1.0
deterministic,253,silverman,imae,1.0,1.0
deterministic,253,silverman,maxerr,1.0,1.0
deterministic,254,cv,imse,1.0,1.0
deterministic,254,cv,imae,1.0,1.0
deterministic,254,cv,maxerr,1.0,1.0
deterministic,254,loocv,imse,1.0,1.0
deterministic,254,loocv,imae,1.0,1.0
deterministic,254,loocv,maxerr,1.0,1.0
deterministic,254,silverman,imse,1.0,1.0
deterministic,254,silverman,imae,1.0,1.0
deterministic,254,silverman,maxerr,1.0,1.0
deterministic,255,cv,imse,1.0,1.0
deterministic,255,cv,imae,1.0,1.0
deterministic,255,cv,maxerr,1.0,1.0
deterministic,255,loocv,imse,1.0,1.0
deterministic,255,loocv,imae,1.0,1.0
deterministic,255,loocv,maxerr,1.0,1.0
deterministic,255,silverman,imse,1.0,1.0
deterministic,255,silverman,imae,1.0,1.0
deterministic,255,silverman,maxerr,1.0,1.0
deterministic,257,cv,imse,1.0,1.0
deterministic,257,cv,imae,1.0,1.0
deterministic,257,cv,maxerr,1.0,1.0
deterministic,257,loocv,imse,1.0,1.0
deterministic,257,loocv,imae,1.0,1.0
deterministic,257,loocv,maxerr,1.0,1.0
deterministic,257,silverman,imse,1.0,1.0
deterministic,257,silverman,imae,1.0,1.0
deterministic,257,silverman,maxerr,1.0,1.0
deterministic,259,cv,imse,1.0,1.0
deterministic,259,cv,imae,1.0,1.0
deterministic,259,cv,maxerr,1.0,1.0
deterministic,259,loocv,imse,1.0,1.0
deterministic,259,loocv,imae,1.0,1.0
deterministic,259,loocv,maxerr,1.0,1.0
deterministic,259,silverman,imse,1.0,1.0
deterministic,259,silverman,imae,1.0,1.0
deterministic,259,silverman,maxerr,1.0,1.0
deterministic,260,cv,imse,1.0,1.0
deterministic,260,cv,imae,1.0,1.0
deterministic,260,cv,maxerr,1.0,1.0
deterministic,260,loocv,imse,1.0,1.0
deterministic,260,loocv,imae,1.0,1.0
deterministic,260,loocv,maxerr,1.0,1.0
deterministic,260,silverman,imse,1.0,1.0
deterministic,260,silverman,imae,1.0,1.0
deterministic,260,silverman,maxerr,1.0,1.0
deterministic,261,cv,imse,1.0,1.0
deterministic,261,cv,imae,1.0,1.0
deterministic,261,cv,maxerr,1.0,1.0
deterministic,261,loocv,imse,1.0,1.0
deterministic,261,loocv,imae,1.0,1.0
deterministic,261,loocv,maxerr,1.0,1.0
deterministic,262,cv,imse,1.0,1.0
deterministic,262,cv,imae,1.0,1.0
deterministic,262,cv,maxerr,1.0,1.0
deterministic,262,loocv,imse,1.0,1.0
deterministic,262,loocv,imae,1.0,1.0
deterministic,262,loocv,maxerr,1.0,1.0
deterministic,262,silverman,imse,1.0,1.0
deterministic,262,silverman,imae,1.0,1.0
deterministic,262,silverman,maxerr,1.0,1.0
deterministic,264,cv,imse,1.0,1.0
deterministic,264,cv,imae,1.0,1.0
deterministic,264,cv,maxerr,1.0,1.0
deterministic,264,loocv,imse,1.0,1.0
deterministic,264,loocv,imae,1.0,1.0
deterministic,264,loocv,maxerr,1.0,1.0
deterministic,265,cv,imse,1.0,1.0
deterministic,265,cv,imae,1.0,1.0
deterministic,265,cv,maxerr,1.0,1.0
deterministic,265,loocv,imse,1.0,1.0
deterministic,265,loocv,imae,1.0,1.0
deterministic,265,loocv,maxerr,1.0,1.0
deterministic,266,cv,imse,1.0,1.0
deterministic,266,cv,imae,1.0,1.0
deterministic,266,cv,maxerr,1.0,1.0
deterministic,266,loocv,imse,1.0,1.0
deterministic,266,loocv,imae,1.0,1.0
deterministic,266,loocv,maxerr,1.0,1.0
deterministic,266,silverman,imse,1.0,1.0
deterministic,266,silverman,imae,1.0,1.0
deterministic,266,silverman,maxerr,1.0,1.0
deterministic,267,loocv,imse,1.0,1.0
deterministic,267,loocv,imae,1.0,1.0
deterministic,267,loocv,maxerr,1.0,1.0
deterministic,267,silverman,imse,1.0,1.0
deterministic,267,silverman,imae,1.0,1.0
deterministic,267,silverman,maxerr,1.0,1.0
deterministic,269,cv,imse,1.0,1.0
deterministic,269,cv,imae,1.0,1.0
deterministic,269,cv,maxerr,1.0,1.0
deterministic,269,loocv,imse,1.0,1.0
deterministic,269,loocv,imae,1.0,1.0
deterministic,269,loocv,maxerr,1.0,1.0
deterministic,269,silverman,imse,1.0,1.0
deterministic,269,silverman,imae,1.0,1.0
deterministic,269,silverman,maxerr,1.0,1.0
deterministic,271,cv,imse,1.0,1.0
deterministic,271,cv,imae,1.0,1.0
deterministic,271,cv,maxerr,1.0,1.0
deterministic,271,loocv,imse,1.0,1.0
deterministic,271,loocv,imae,1.0,1.0
deterministic,271,loocv,maxerr,1.0,1.0
deterministic,271,silverman,imse,1.0,1.0
deterministic,271,silverman,imae,1.0,1.0
deterministic,271,silverman,maxerr,1.0,1.0
deterministic,272,cv,imse,1.0,1.0
deterministic,272,cv,imae,1.0,1.0
deterministic,272,cv,maxerr,1.0,1.0
deterministic,272,loocv,imse,1.0,1.0
deterministic,272,loocv,imae,1.0,1.0
deterministic,272,loocv,maxerr,1.0,1.0
deterministic,272,silverman,imse,1.0,1.0
deterministic,272,silverman,imae,1.0,1.0
deterministic,272,silverman,maxerr,1.0,1.0
deterministic,273,cv,imse,1.0,1.0
deterministic,273,cv,imae,1.0,1.0
deterministic,273,cv,maxerr,1.0,1.0
deterministic,273,loocv,imse,1.0,1.0
deterministic,273,loocv,imae,1.0,1.0
deterministic,273,loocv,maxerr,1.0,1.0
deterministic,273,silverman,imse,1.0,1.0
deterministic,273,silverman,imae,1.0,1.0
deterministic,273,silverman,maxerr,1.0,1.0
deterministic,274,cv,imse,1.0,1.0
deterministic,274,cv,imae,1.0,1.0
deterministic,274,cv,maxerr,1.0,1.0
deterministic,274,loocv,imse,1.0,1.0
deterministic,274,loocv,imae,1.0,1.0
deterministic,274,loocv,maxerr,1.0,1.0
deterministic,274,silverman,imse,1.0,1.0
deterministic,274,silverman,imae,1.0,1.0
deterministic,274,silverman,maxerr,1.0,1.0
deterministic,275,loocv,imse,1.0,1.0
deterministic,275,loocv,imae,1.0,1.0
deterministic,275,loocv,maxerr,1.0,1.0
deterministic,275,silverman,imse,1.0,1.0
deterministic,275,silverman,imae,1.0,1.0
deterministic,275,silverman,maxerr,1.0,1.0
deterministic,277,cv,imse,1.0,1.0
deterministic,277,cv,imae,1.0,1.0
deterministic,277,cv,maxerr,1.0,1.0
deterministic,277,loocv,imse,1.0,1.0
deterministic,277,loocv,imae,1.0,1.0
deterministic,277,loocv,maxerr,1.0,1.0
deterministic,277,silverman,imse,1.0,1.0
deterministic,277,silverman,imae,1.0,1.0
deterministic,277,silverman,maxerr,1.0,1.0
deterministic,278,cv,imse,1.0,1.0
deterministic,278,cv,imae,1.0,1.0
deterministic,278,cv,maxerr,1.0,1.0
deterministic,278,loocv,imse,1.0,1.0
deterministic,278,loocv,imae,1.0,1.0
deterministic,278,loocv,maxerr,1.0,1.0
deterministic,278,silverman,imse,1.0,1.0
deterministic,278,silverman,imae,1.0,1.0
deterministic,278,silverman,maxerr,1.0,1.0
deterministic,280,silverman,imse,1.0,1.0
deterministic,280,silverman,imae,1.0,1.0
deterministic,280,silverman,maxerr,1.0,1.0
deterministic,281,cv,imse,1.0,1.0
deterministic,281,cv,imae,1.0,1.0
deterministic,281,cv,maxerr,1.0,1.0
deterministic,281,loocv,imse,1.0,1.0
deterministic,281,loocv,imae,1.0,1.0
deterministic,281,loocv,maxerr,1.0,1.0
deterministic,281,silverman,imse,1.0,1.0
deterministic,281,silverman,imae,1.0,1.0
deterministic,281,silverman,maxerr,1.0,1.0
deterministic,283,cv,imse,1.0,1.0
deterministic,283,cv,imae,1.0,1.0
deterministic,283,cv,maxerr,1.0,1.0
deterministic,283,loocv,imse,1.0,1.0
deterministic,283,loocv,imae,1.0,1.0
deterministic,283,loocv,maxerr,1.0,1.0
deterministic,284,cv,imse,1.0,1.0
deterministic,284,cv,imae,1.0,1.0
deterministic,284,cv,maxerr,1.0,1.0
deterministic,284,loocv,imse,1.0,1.0
deterministic,284,loocv,imae,1.0,1.0
deterministic,284,loocv,maxerr,1.0,1.0
deterministic,284,silverman,imse,1.0,1.0
deterministic,284,silverman,imae,1.0,1.0
deterministic,284,silverman,maxerr,1.0,1.0
deterministic,285,cv,imse,1.0,1.0
deterministic,285,cv,imae,1.0,1.0
deterministic,285,cv,maxerr,1.0,1.0
deterministic,285,loocv,imse,1.0,1.0
deterministic,285,loocv,imae,1.0,1.0
deterministic,285,loocv,maxerr,1.0,1.0
deterministic,285,silverman,imse,1.0,1.0
deterministic,285,silverman,imae,1.0,1.0
deterministic,285,silverman,maxerr,1.0,1.0
deterministic,286,cv,imse,1.0,1.0
deterministic,286,cv,imae,1.0,1.0
deterministic,286,cv,maxerr,1.0,1.0
deterministic,286,loocv,imse,1.0,1.0
deterministic,286,loocv,imae,1.0,1.0
deterministic,286,loocv,maxerr,1.0,1.0
deterministic,287,cv,imse,1.0,1.0
deterministic,287,cv,imae,1.0,1.0
deterministic,287,cv,maxerr,1.0,1.0
deterministic,287,loocv,imse,1.0,1.0
deterministic,287,loocv,imae,1.0,1.0
deterministic,287,loocv,maxerr,1.0,1.0
deterministic,287,silverman,imse,1.0,1.0
deterministic,287,silverman,imae,1.0,1.0
deterministic,287,silverman,maxerr,1.0,1.0
deterministic,289,cv,imse,1.0,1.0
deterministic,289,cv,imae,1.0,1.0
deterministic,289,cv,maxerr,1.0,1.0
deterministic,289,loocv,imse,1.0,1.0
deterministic,289,loocv,imae,1.0,1.0
deterministic,289,loocv,maxerr,1.0,1.0
deterministic,289,silverman,imse,1.0,1.0
deterministic,289,silverman,imae,1.0,1.0
deterministic,289,silverman,maxerr,1.0,1.0
deterministic,290,cv,imse,1.0,1.0
deterministic,290,cv,imae,1.0,1.0
deterministic,290,cv,maxerr,1.0,1.0
deterministic,290,loocv,imse,1.0,1.0
deterministic,290,loocv,imae,1.0,1.0
deterministic,290,loocv,maxerr,1.0,1.0
deterministic,290,silverman,imse,1.0,1.0
deterministic,290,silverman,imae,1.0,1.0
deterministic,290,silverman,maxerr,1.0,1.0
deterministic,291,cv,imse,1.0,1.0
deterministic,291,cv,imae,1.0,1.0
deterministic,291,cv,maxerr,1.0,1.0
deterministic,291,loocv,imse,1.0,1.0
deterministic,291,loocv,imae,1.0,1.0
deterministic,291,loocv,maxerr,1.0,1.0
deterministic,291,silverman,imse,1.0,1.0
deterministic,291,silverman,imae,1.0,1.0
deterministic,291,silverman,maxerr,1.0,1.0
deterministic,292,cv,imse,1.0,1.0
deterministic,292,cv,imae,1.0,1.0
deterministic,292,cv,maxerr,1.0,1.0
deterministic,292,loocv,imse,1.0,1.0
deterministic,292,loocv,imae,1.0,1.0
deterministic,292,loocv,maxerr,1.0,1.0
deterministic,292,silverman,imse,1.0,1.0
deterministic,292,silverman,imae,1.0,1.0
deterministic,292,silverman,maxerr,1.0,1.0
deterministic,293,cv,imse,1.0,1.0
deterministic,293,cv,imae,1.0,1.0
deterministic,293,cv,maxerr,1.0,1.0
deterministic,293,loocv,imse,1.0,1.0
deterministic,293,loocv,imae,1.0,1.0
deterministic,293,loocv,maxerr,1.0,1.0
deterministic,293,silverman,imse,1.0,1.0
deterministic,293,silverman,imae,1.0,1.0
deterministic,293,silverman,maxerr,1.0,1.0
deterministic,295,cv,imse,1.0,1.0
deterministic,295,cv,imae,1.0,1.0
deterministic,295,cv,maxerr,1.0,1.0
deterministic,295,loocv,imse,1.0,1.0
deterministic,295,loocv,imae,1.0,1.0
deterministic,295,loocv,maxerr,1.0,1.0
deterministic,295,silverman,imse,1.0,1.0
deterministic,295,silverman,imae,1.0,1.0
deterministic,295,silverman,maxerr,1.0,1.0
deterministic,296,cv,imse,1.0,1.0
deterministic,296,cv,imae,1.0,1.0
deterministic,296,cv,maxerr,1.0,1.0
deterministic,296,loocv,imse,1.0,1.0
deterministic,296,loocv,imae,1.0,1.0
deterministic,296,loocv,maxerr,1.0,1.0
deterministic,296,silverman,imse,1.0,1.0
deterministic,296,silverman,imae,1.0,1.0
deterministic,296,silverman,maxerr,1.0,1.0
deterministic,297,cv,imse,1.0,1.0
deterministic,297,cv,imae,1.0,1.0
deterministic,297,cv,maxerr,1.0,1.0
deterministic,297,loocv,imse,1.0,1.0
deterministic,297,loocv,imae,1.0,1.0
deterministic,297,loocv,maxerr,1.0,1.0
deterministic,298,cv,imse,1.0,1.0
deterministic,298,cv,imae,1.0,1.0
deterministic,298,cv,maxerr,1.0,1.0
deterministic,298,loocv,imse,1.0,1.0
deterministic,298,loocv,imae,1.0,1.0
deterministic,298,loocv,maxerr,1.0,1.0
deterministic,298,silverman,imse,1.0,1.0
deterministic,298,silverman,imae,1.0,1.0
deterministic,298,silverman,maxerr,1.0,1.0
deterministic,299,cv,imse,1.0,1.0
deterministic,299,cv,imae,1.0,1.0
deterministic,299,cv,maxerr,1.0,1.0
deterministic,299,loocv,imse,1.0,1.0
deterministic,299,loocv,imae,1.0,1.0
deterministic,299,loocv,maxerr,1.0,1.0
deterministic,299,silverman,imse,1.0,1.0
deterministic,299,silverman,imae,1.0,1.0
deterministic,299,silverman,maxerr,1.0,1.0
stochastic,2,cv,imse,1.0,1.0
stochastic,2,cv,imae,1.0,1.0
stochastic,2,cv,maxerr,1.0,1.0
stochastic,2,loocv,imse,1.0,1.0
stochastic,2,loocv,imae,1.0,1.0
stochastic,2,loocv,maxerr,1.0,1.0
stochastic,2,silverman,imse,1.0,1.0
stochastic,2,silverman,imae,1.0,1.0
stochastic,2,silverman,maxerr,1.0,1.0
stochastic,3,silverman,imse,1.0,1.0
stochastic,3,silverman,imae,1.0,1.0
stochastic,3,silverman,maxerr,1.0,1.0
stochastic,4,cv,imse,1.0,1.0
stochastic,4,cv,imae,1.0,1.0
stochastic,4,cv,maxerr,1.0,1.0
stochastic,4,loocv,imse,1.0,1.0
stochastic,4,loocv,imae,1.0,1.0
stochastic,4,loocv,maxerr,1.0,1.0
stochastic,4,silverman,imse,1.0,1.0
stochastic,4,silverman,imae,1.0,1.0
stochastic,4,silverman,maxerr,1.0,1.0
stochastic,5,cv,imse,1.0,1.0
stochastic,5,cv,imae,1.0,1.0
stochastic,5,cv,maxerr,1.0,1.0
stochastic,5,loocv,imse,1.0,1.0
stochastic,5,loocv,imae,1.0,1.0
stochastic,5,loocv,maxerr,1.0,1.0
stochastic,5,silverman,imse,1.0,1.0
stochastic,5,silverman,imae,1.0,1.0
stochastic,5,silverman,maxerr,1.0,1.0
stochastic,7,cv,imse,1.0,1.0
stochastic,7,cv,imae,1.0,1.0
stochastic,7,cv,maxerr,1.0,1.0
stochastic,7,loocv,imse,1.0,1.0
stochastic,7,loocv,imae,1.0,1.0
stochastic,7,loocv,maxerr,1.0,1.0
stochastic,7,silverman,imse,1.0,1.0
stochastic,7,silverman,imae,1.0,1.0
stochastic,7,silverman,maxerr,1.0,1.0
stochastic,8,cv,imse,1.0,1.0
stochastic,8,cv,imae,1.0,1.0
stochastic,8,cv,maxerr,1.0,1.0
stochastic,8,loocv,imse,1.0,1.0
stochastic,8,loocv,imae,1.0,1.0
stochastic,8,loocv,maxerr,1.0,1.0
stochastic,8,silverman,imse,1.0,1.0
stochastic,8,silverman,imae,1.0,1.0
stochastic,8,silverman,maxerr,1.0,1.0
stochastic,9,cv,imse,1.0,1.0
stochastic,9,cv,imae,1.0,1.0
stochastic,9,cv,maxerr,1.0,1.0
stochastic,9,loocv,imse,1.0,1.0
stochastic,9,loocv,imae,1.0,1.0
stochastic,9,loocv,maxerr,1.0,1.0
stochastic,9,silverman,imse,1.0,1.0
stochastic,9,silverman,imae,1.0,1.0
stochastic,9,silverman,maxerr,1.0,1.0
stochastic,11,cv,imse,1.0,1.0
stochastic,11,cv,imae,1.0,1.0
stochastic,11,cv,maxerr,1.0,1.0
stochastic,11,loocv,imse,1.0,1.0
stochastic,11,loocv,imae,1.0,1.0
stochastic,11,loocv,maxerr,1.0,1.0
stochastic,11,silverman,imse,1.0,1.0
stochastic,11,silverman,imae,1.0,1.0
stochastic,11,silverman,maxerr,1.0,1.0
stochastic,12,cv,imse,1.0,1.0
stochastic,12,cv,imae,1.0,1.0
stochastic,12,cv,maxerr,1.0,1.0
stochastic,12,loocv,imse,1.0,1.0
stochastic,12,loocv,imae,1.0,1.0
stochastic,12,loocv,maxerr,1.0,1.0
stochastic,12,silverman,imse,1.0,1.0
stochastic,12,silverman,imae,1.0,1.0
stochastic,12,silverman,maxerr,1.0,1.0
stochastic,14,cv,imse,1.0,1.0
stochastic,14,cv,imae,1.0,1.0
stochastic,14,cv,maxerr,1.0,1.0
stochastic,14,loocv,imse,1.0,1.0
stochastic,14,loocv,imae,1.0,1.0
stochastic,14,loocv,maxerr,1.0,1.0
stochastic,14,silverman,imse,1.0,1.0
stochastic,14,silverman,imae,1.0,1.0
stochastic,14,silverman,maxerr,1.0,1.0
stochastic,15,cv,imse,1.0,1.0
stochastic,15,cv,imae,1.0,1.0
stochastic,15,cv,maxerr,1.0,1.0
stochastic,15,loocv,imse,1.0,1.0
stochastic,15,loocv,imae,1.0,1.0
stochastic,15,loocv,maxerr,1.0,1.0
stochastic,15,silverman,imse,1.0,1.0
stochastic,15,silverman,imae,1.0,1.0
stochastic,15,silverman,maxerr,1.0,1.0
stochastic,17,cv,imse,1.0,1.0
stochastic,17,cv,imae,1.0,1.0
stochastic,17,cv,maxerr,1.0,1.0
stochastic,17,loocv,imse,1.0,1.0
stochastic,17,loocv,imae,1.0,1.0
stochastic,17,loocv,maxerr,1.0,1.0
stochastic,18,cv,imse,1.0,1.0
stochastic,18,cv,imae,1.0,1.0
stochastic,18,cv,maxerr,1.0,1.0
stochastic,18,loocv,imse,1.0,1.0
stochastic,18,loocv,imae,1.0,1.0
stochastic,18,loocv,maxerr,1.0,1.0
stochastic,18,silverman,imse,1.0,1.0
stochastic,18,silverman,imae,1.0,1.0
stochastic,18,silverman,maxerr,1.0,1.0
stochastic,20,cv,imse,1.0,1.0
stochastic,20,cv,imae,1.0,1.0
stochastic,20,cv,maxerr,1.0,1.0
stochastic,20,loocv,imse,1.0,1.0
stochastic,20,loocv,imae,1.0,1.0
stochastic,20,loocv,maxerr,1.0,1.0
stochastic,20,silverman,imse,1.0,1.0
stochastic,20,silverman,imae,1.0,1.0
stochastic,20,silverman,maxerr,1.0,1.0
stochastic,21,cv,imse,1.0,1.0
stochastic,21,cv,imae,1.0,1.0
stochastic,21,cv,maxerr,1.0,1.0
stochastic,21,loocv,imse,1.0,1.0
stochastic,21,loocv,imae,1.0,1.0
stochastic,21,loocv,maxerr,1.0,1.0
stochastic,21,silverman,imse,1.0,1.0
stochastic,21,silverman,imae,1.0,1.0
stochastic,21,silverman,maxerr,1.0,1.0
stochastic,22,cv,imse,1.0,1.0
stochastic,22,cv,imae,1.0,1.0
stochastic,22,cv,maxerr,1.0,1.0
stochastic,22,loocv,imse,1.0,1.0
stochastic,22,loocv,imae,1.0,1.0
stochastic,22,loocv,maxerr,1.0,1.0
stochastic,22,silverman,imse,1.0,1.0
stochastic,22,silverman,imae,1.0,1.0
stochastic,22,silverman,maxerr,1.0,1.0
stochastic,23,cv,imse,1.0,1.0
stochastic,23,cv,imae,1.0,1.0
stochastic,23,cv,maxerr,1.0,1.0
stochastic,23,loocv,imse,1.0,1.0
stochastic,23,loocv,imae,1.0,1.0
stochastic,23,loocv,maxerr,1.0,1.0
stochastic,23,silverman,imse,1.0,1.0
stochastic,23,silverman,imae,1.0,1.0
stochastic,23,silverman,maxerr,1.0,1.0
stochastic,24,cv,imse,1.0,1.0
stochastic,24,cv,imae,1.0,1.0
stochastic,24,cv,maxerr,1.0,1.0
stochastic,24,loocv,imse,1.0,1.0
stochastic,24,loocv,imae,1.0,1.0
stochastic,24,loocv,maxerr,1.0,1.0
stochastic,24,silverman,imse,1.0,1.0
stochastic,24,silverman,imae,1.0,1.0
stochastic,24,silverman,maxerr,1.0,1.0
stochastic,25,cv,imse,1.0,1.0
stochastic,25,cv,imae,1.0,1.0
stochastic,25,cv,maxerr,1.0,1.0
stochastic,25,loocv,imse,1.0,1.0
stochastic,25,loocv,imae,1.0,1.0
stochastic,25,loocv,maxerr,1.0,1.0
stochastic,25,silverman,imse,1.0,1.0
stochastic,25,silverman,imae,1.0,1.0
stochastic,25,silverman,maxerr,1.0,1.0
stochastic,26,cv,imse,1.0,1.0
stochastic,26,cv,imae,1.0,1.0
stochastic,26,cv,maxerr,1.0,1.0
stochastic,26,loocv,imse,1.0,1.0
stochastic,26,loocv,imae,1.0,1.0
stochastic,26,loocv,maxerr,1.0,1.0
stochastic,26,silverman,imse,1.0,1.0
stochastic,26,silverman,imae,1.0,1.0
stochastic,26,silverman,maxerr,1.0,1.0
stochastic,27,cv,imse,1.0,1.0
stochastic,27,cv,imae,1.0,1.0
stochastic,27,cv,maxerr,1.0,1.0
stochastic,27,loocv,imse,1.0,1.0
stochastic,27,loocv,imae,1.0,1.0
stochastic,27,loocv,maxerr,1.0,1.0
stochastic,27,silverman,imse,1.0,1.0
stochastic,27,silverman,imae,1.0,1.0
stochastic,27,silverman,maxerr,1.0,1.0
stochastic,28,cv,imse,1.0,1.0
stochastic,28,cv,imae,1.0,1.0
stochastic,28,cv,maxerr,1.0,1.0
stochastic,28,loocv,imse,1.0,1.0
stochastic,28,loocv,imae,1.0,1.0
stochastic,28,loocv,maxerr,1.0,1.0
stochastic,28,silverman,imse,1.0,1.0
stochastic,28,silverman,imae,1.0,1.0
stochastic,28,silverman,maxerr,1.0,1.0
stochastic,29,cv,imse,1.0,1.0
stochastic,29,cv,imae,1.0,1.0
stochastic,29,cv,maxerr,1.0,1.0
stochastic,29,loocv,imse,1.0,1.0
stochastic,29,loocv,imae,1.0,1.0
stochastic,29,loocv,maxerr,1.0,1.0
stochastic,30,cv,imse,1.0,1.0
stochastic,30,cv,imae,1.0,1.0
stochastic,30,cv,maxerr,1.0,1.0
stochastic,30,loocv,imse,1.0,1.0
stochastic,30,loocv,imae,1.0,1.0
stochastic,30,loocv,maxerr,1.0,1.0
stochastic,30,silverman,imse,1.0,1.0
stochastic,30,silverman,imae,1.0,1.0
stochastic,30,silverman,maxerr,1.0,1.0
stochastic,31,cv,imse,1.0,1.0
stochastic,31,cv,imae,1.0,1.0
stochastic,31,cv,maxerr,1.0,1.0
stochastic,31,loocv,imse,1.0,1.0
stochastic,31,loocv,imae,1.0,1.0
stochastic,31,loocv,maxerr,1.0,1.0
stochastic,31,silverman,imse,1.0,1.0
stochastic,31,silverman,imae,1.0,1.0
stochastic,31,silverman,maxerr,1.0,1.0
stochastic,33,cv,imse,1.0,1.0
stochastic,33,cv,imae,1.0,1.0
stochastic,33,cv,maxerr,1.0,1.0
stochastic,33,loocv,imse,1.0,1.0
stochastic,33,loocv,imae,1.0,1.0
stochastic,33,loocv,maxerr,1.0,1.0
stochastic,33,silverman,imse,1.0,1.0
stochastic,33,silverman,imae,1.0,1.0
stochastic,33,silverman,maxerr,1.0,1.0
stochastic,34,cv,imse,1.0,1.0
stochastic,34,cv,imae,1.0,1.0
stochastic,34,cv,maxerr,1.0,1.0
stochastic,34,loocv,imse,1.0,1.0
stochastic,34,loocv,imae,1.0,1.0
stochastic,34,loocv,maxerr,1.0,1.0
stochastic,34,silverman,imse,1.0,1.0
stochastic,34,silverman,imae,1.0,1.0
stochastic,34,silverman,maxerr,1.0,1.0
stochastic,35,cv,imse,1.0,1.0
stochastic,35,cv,imae,1.0,1.0
stochastic,35,cv,maxerr,1.0,1.0
stochastic,35,loocv,imse,1.0,1.0
stochastic,35,loocv,imae,1.0,1.0
stochastic,35,loocv,maxerr,1.0,1.0
stochastic,35,silverman,imse,1.0,1.0
stochastic,35,silverman,imae,1.0,1.0
stochastic,35,silverman,maxerr,1.0,1.0
stochastic,36,cv,imse,1.0,1.0
stochastic,36,cv,imae,1.0,1.0
stochastic,36,cv,maxerr,1.0,1.0
stochastic,36,loocv,imse,1.0,1.0
stochastic,36,loocv,imae,1.0,1.0
stochastic,36,loocv,maxerr,1.0,1.0
stochastic,36,silverman,imse,1.0,1.0
stochastic,36,silverman,imae,1.0,1.0
stochastic,36,silverman,maxerr,1.0,1.0
stochastic,37,cv,imse,1.0,1.0
stochastic,37,cv,imae,1.0,1.0
stochastic,37,cv,maxerr,1.0,1.0
stochastic,37,loocv,imse,1.0,1.0
stochastic,37,loocv,imae,1.0,1.0
stochastic,37,loocv,maxerr,1.0,1.0
stochastic,37,silverman,imse,1.0,1.0
stochastic,37,silverman,imae,1.0,1.0
stochastic,37,silverman,maxerr,1.0,1.0
stochastic,38,cv,imse,1.0,1.0
stochastic,38,cv,imae,1.0,1.0
stochastic,38,cv,maxerr,1.0,1.0
stochastic,38,loocv,imse,1.0,1.0
stochastic,38,loocv,imae,1.0,1.0
stochastic,38,loocv,maxerr,1.0,1.0
stochastic,38,silverman,imse,1.0,1.0
stochastic,38,silverman,imae,1.0,1.0
stochastic,38,silverman,maxerr,1.0,1.0
stochastic,39,cv,imse,1.0,1.0
stochastic,39,cv,imae,1.0,1.0
stochastic,39,cv,maxerr,1.0,1.0
stochastic,39,loocv,imse,1.0,1.0
stochastic,39,loocv,imae,1.0,1.0
stochastic,39,loocv,maxerr,1.0,1.0
stochastic,39,silverman,imse,1.0,1.0
stochastic,39,silverman,imae,1.0,1.0
stochastic,39,silverman,maxerr,1.0,1.0
stochastic,40,cv,imse,1.0,1.0
stochastic,40,cv,imae,1.0,1.0
stochastic,40,cv,maxerr,1.0,1.0
stochastic,40,loocv,imse,1.0,1.0
stochastic,40,loocv,imae,1.0,1.0
stochastic,40,loocv,maxerr,1.0,1.0
stochastic,40,silverman,imse,1.0,1.0
stochastic,40,silverman,imae,1.0,1.0
stochastic,40,silverman,maxerr,1.0,1.0
stochastic,42,cv,imse,1.0,1.0
stochastic,42,cv,imae,1.0,1.0
stochastic,42,cv,maxerr,1.0,1.0
stochastic,42,loocv,imse,1.0,1.0
stochastic,42,loocv,imae,1.0,1.0
stochastic,42,loocv,maxerr,1.0,1.0
stochastic,42,silverman,imse,1.0,1.0
stochastic,42,silverman,imae,1.0,1.0
stochastic,42,silverman,maxerr,1.0,1.0
stochastic,43,cv,imse,1.0,1.0
stochastic,43,cv,imae,1.0,1.0
stochastic,43,cv,maxerr,1.0,1.0
stochastic,43,loocv,imse,1.0,1.0
stochastic,43,loocv,imae,1.0,1.0
stochastic,43,loocv,maxerr,1.0,1.0
stochastic,43,silverman,imse,1.0,1.0
stochastic,43,silverman,imae,1.0,1.0
stochastic,43,silverman,maxerr,1.0,1.0
stochastic,44,cv,imse,1.0,1.0
stochastic,44,cv,imae,1.0,1.0
stochastic,44,cv,maxerr,1.0,1.0
stochastic,44,loocv,imse,1.0,1.0
stochastic,44,loocv,imae,1.0,1.0
stochastic,44,loocv,maxerr,1.0,1.0
stochastic,44,silverman,imse,1.0,1.0
stochastic,44,silverman,imae,1.0,1.0
stochastic,44,silverman,maxerr,1.0,1.0
stochastic,46,cv,imse,1.0,1.0
stochastic,46,cv,imae,1.0,1.0
stochastic,46,cv,maxerr,1.0,1.0
stochastic,46,loocv,imse,1.0,1.0
stochastic,46,loocv,imae,1.0,1.0
stochastic,46,loocv,maxerr,1.0,1.0
stochastic,46,silverman,imse,1.0,1.0
stochastic,46,silverman,imae,1.0,1.0
stochastic,46,silverman,maxerr,1.0,1.0
stochastic,49,cv,imse,1.0,1.0
stochastic,49,cv,imae,1.0,1.0
stochastic,49,cv,maxerr,1.0,1.0
stochastic,49,loocv,imse,1.0,1.0
stochastic,49,loocv,imae,1.0,1.0
stochastic,49,loocv,maxerr,1.0,1.0
stochastic,52,cv,imse,1.0,1.0
stochastic,52,cv,imae,1.0,1.0
stochastic,52,cv,maxerr,1.0,1.0
stochastic,52,loocv,imse,1.0,1.0
stochastic,52,loocv,imae,1.0,1.0
stochastic,52,loocv,maxerr,1.0,1.0
stochastic,54,cv,imse,1.0,1.0
stochastic,54,cv,imae,1.0,1.0
stochastic,54,cv,maxerr,1.0,1.0
stochastic,54,loocv,imse,1.0,1.0
stochastic,54,loocv,imae,1.0,1.0
stochastic,54,loocv,maxerr,1.0,1.0
stochastic,54,silverman,imse,1.0,1.0
stochastic,54,silverman,imae,1.0,1.0
stochastic,54,silverman,maxerr,1.0,1.0
stochastic,55,cv,imse,1.0,1.0
stochastic,55,cv,imae,1.0,1.0
stochastic,55,cv,maxerr,1.0,1.0
stochastic,55,loocv,imse,1.0,1.0
stochastic,55,loocv,imae,1.0,1.0
stochastic,55,loocv,maxerr,1.0,1.0
stochastic,55,silverman,imse,1.0,1.0
stochastic,55,silverman,imae,1.0,1.0
stochastic,55,silverman,maxerr,1.0,1.0
stochastic,56,cv,imse,1.0,1.0
stochastic,56,cv,imae,1.0,1.0
stochastic,56,cv,maxerr,1.0,1.0
stochastic,56,loocv,imse,1.0,1.0
stochastic,56,loocv,imae,1.0,1.0
stochastic,56,loocv,maxerr,1.0,1.0
stochastic,56,silverman,imse,1.0,1.0
stochastic,56,silverman,imae,1.0,1.0
stochastic,56,silverman,maxerr,1.0,1.0
stochastic,57,cv,imse,1.0,1.0
stochastic,57,cv,imae,1.0,1.0
stochastic,57,cv,maxerr,1.0,1.0
stochastic,57,loocv,imse,1.0,1.0
stochastic,57,loocv,imae,1.0,1.0
stochastic,57,loocv,maxerr,1.0,1.0
stochastic,57,silverman,imse,1.0,1.0
stochastic,57,silverman,imae,1.0,1.0
stochastic,57,silverman,maxerr,1.0,1.0
stochastic,58,cv,imse,1.0,1.0
stochastic,58,cv,imae,1.0,1.0
stochastic,58,cv,maxerr,1.0,1.0
stochastic,58,loocv,imse,1.0,1.0
stochastic,58,loocv,imae,1.0,1.0
stochastic,58,loocv,maxerr,1.0,1.0
stochastic,58,silverman,imse,1.0,1.0
stochastic,58,silverman,imae,1.0,1.0
stochastic,58,silverman,maxerr,1.0,1.0
stochastic,59,cv,imse,1.0,1.0
stochastic,59,cv,imae,1.0,1.0
stochastic,59,cv,maxerr,1.0,1.0
stochastic,59,loocv,imse,1.0,1.0
stochastic,59,loocv,imae,1.0,1.0
stochastic,59,loocv,maxerr,1.0,1.0
stochastic,59,silverman,imse,1.0,1.0
stochastic,59,silverman,imae,1.0,1.0
stochastic,59,silverman,maxerr,1.0,1.0
stochastic,60,cv,imse,1.0,1.0
stochastic,60,cv,imae,1.0,1.0
stochastic,60,cv,maxerr,1.0,1.0
stochastic,60,loocv,imse,1.0,1.0
stochastic,60,loocv,imae,1.0,1.0
stochastic,60,loocv,maxerr,1.0,1.0
stochastic,60,silverman,imse,1.0,1.0
stochastic,60,silverman,imae,1.0,1.0
stochastic,60,silverman,maxerr,1.0,1.0
stochastic,61,cv,imse,1.0,1.0
stochastic,61,cv,imae,1.0,1.0
stochastic,61,cv,maxerr,1.0,1.0
stochastic,61,loocv,imse,1.0,1.0
stochastic,61,loocv,imae,1.0,1.0
stochastic,61,loocv,maxerr,1.0,1.0
stochastic,61,silverman,imse,1.0,1.0
stochastic,61,silverman,imae,1.0,1.0
stochastic,61,silverman,maxerr,1.0,1.0
stochastic,62,silverman,imse,1.0,1.0
stochastic,62,silverman,imae,1.0,1.0
stochastic,62,silverman,maxerr,1.0,1.0
stochastic,65,cv,imse,1.0,1.0
stochastic,65,cv,imae,1.0,1.0
stochastic,65,cv,maxerr,1.0,1.0
stochastic,65,loocv,imse,1.0,1.0
stochastic,65,loocv,imae,1.0,1.0
stochastic,65,loocv,maxerr,1.0,1.0
stochastic,65,silverman,imse,1.0,1.0
stochastic,65,silverman,imae,1.0,1.0
stochastic,65,silverman,maxerr,1.0,1.0
stochastic,66,silverman,imse,1.0,1.0
stochastic,66,silverman,imae,1.0,1.0
stochastic,66,silverman,maxerr,1.0,1.0
stochastic,67,cv,imse,1.0,1.0
stochastic,67,cv,imae,1.0,1.0
stochastic,67,cv,maxerr,1.0,1.0
stochastic,67,loocv,imse,1.0,1.0
stochastic,67,loocv,imae,1.0,1.0
stochastic,67,loocv,maxerr,1.0,1.0
stochastic,67,silverman,imse,1.0,1.0
stochastic,67,silverman,imae,1.0,1.0
stochastic,67,silverman,maxerr,1.0,1.0
stochastic,68,cv,imse,1.0,1.0
stochastic,68,cv,imae,1.0,1.0
stochastic,68,cv,maxerr,1.0,1.0
stochastic,68,loocv,imse,1.0,1.0
stochastic,68,loocv,imae,1.0,1.0
stochastic,68,loocv,maxerr,1.0,1.0
stochastic,68,silverman,imse,1.0,1.0
stochastic,68,silverman,imae,1.0,1.0
stochastic,68,silverman,maxerr,1.0,1.0
stochastic,69,cv,imse,1.0,1.0
stochastic,69,cv,imae,1.0,1.0
stochastic,69,cv,maxerr,1.0,1.0
stochastic,69,loocv,imse,1.0,1.0
stochastic,69,loocv,imae,1.0,1.0
stochastic,69,loocv,maxerr,1.0,1.0
stochastic,69,silverman,imse,1.0,1.0
stochastic,69,silverman,imae,1.0,1.0
stochastic,69,silverman,maxerr,1.0,1.0
stochastic,70,cv,imse,1.0,1.0
stochastic,70,cv,imae,1.0,1.0
stochastic,70,cv,maxerr,1.0,1.0
stochastic,70,loocv,imse,1.0,1.0
stochastic,70,loocv,imae,1.0,1.0
stochastic,70,loocv,maxerr,1.0,1.0
stochastic,70,silverman,imse,1.0,1.0
stochastic,70,silverman,imae,1.0,1.0
stochastic,70,silverman,maxerr,1.0,1.0
stochastic,73,cv,imse,1.0,1.0
stochastic,73,cv,imae,1.0,1.0
stochastic,73,cv,maxerr,1.0,1.0
stochastic,73,loocv,imse,1.0,1.0
stochastic,73,loocv,imae,1.0,1.0
stochastic,73,loocv,maxerr,1.0,1.0
stochastic,73,silverman,imse,1.0,1.0
stochastic,73,silverman,imae,1.0,1.0
stochastic,73,silverman,maxerr,1.0,1.0
stochastic,74,loocv,imse,1.0,1.0
stochastic,74,loocv,imae,1.0,1.0
stochastic,74,loocv,maxerr,1.0,1.0
stochastic,75,cv,imse,1.0,1.0
stochastic,75,cv,imae,1.0,1.0
stochastic,75,cv,maxerr,1.0,1.0
stochastic,75,loocv,imse,1.0,1.0
stochastic,75,loocv,imae,1.0,1.0
stochastic,75,loocv,maxerr,1.0,1.0
stochastic,75,silverman,imse,1.0,1.0
stochastic,75,silverman,imae,1.0,1.0
stochastic,75,silverman,maxerr,1.0,1.0
stochastic,76,cv,imse,1.0,1.0
stochastic,76,cv,imae,1.0,1.0
stochastic,76,cv,maxerr,1.0,1.0
stochastic,76,loocv,imse,1.0,1.0
stochastic,76,loocv,imae,1.0,1.0
stochastic,76,loocv,maxerr,1.0,1.0
stochastic,76,silverman,imse,1.0,1.0
stochastic,76,silverman,imae,1.0,1.0
stochastic,76,silverman,maxerr,1.0,1.0
stochastic,77,cv,imse,1.0,1.0
stochastic,77,cv,imae,1.0,1.0
stochastic,77,cv,maxerr,1.0,1.0
stochastic,77,loocv,imse,1.0,1.0
stochastic,77,loocv,imae,1.0,1.0
stochastic,77,loocv,maxerr,1.0,1.0
stochastic,77,silverman,imse,1.0,1.0
stochastic,77,silverman,imae,1.0,1.0
stochastic,77,silverman,maxerr,1.0,1.0
stochastic,78,cv,imse,1.0,1.0
stochastic,78,cv,imae,1.0,1.0
stochastic,78,cv,maxerr,1.0,1.0
stochastic,78,loocv,imse,1.0,1.0
stochastic,78,loocv,imae,1.0,1.0
stochastic,78,loocv,maxerr,1.0,1.0
stochastic,78,silverman,imse,1.0,1.0
stochastic,78,silverman,imae,1.0,1.0
stochastic,78,silverman,maxerr,1.0,1.0
stochastic,79,loocv,imse,1.0,1.0
stochastic,79,loocv,imae,1.0,1.0
stochastic,79,loocv,maxerr,1.0,1.0
stochastic,79,silverman,imse,1.0,1.0
stochastic,79,silverman,imae,1.0,1.0
stochastic,79,silverman,maxerr,1.0,1.0
stochastic,80,cv,imse,1.0,1.0
stochastic,80,cv,imae,1.0,1.0
stochastic,80,cv,maxerr,1.0,1.0
stochastic,80,loocv,imse,1.0,1.0
stochastic,80,loocv,imae,1.0,1.0
stochastic,80,loocv,maxerr,1.0,1.0
stochastic,80,silverman,imse,1.0,1.0
stochastic,80,silverman,imae,1.0,1.0
stochastic,80,silverman,maxerr,1.0,1.0
stochastic,82,loocv,imse,1.0,1.0
stochastic,82,loocv,imae,1.0,1.0
stochastic,82,loocv,maxerr,1.0,1.0
stochastic,82,silverman,imse,1.0,1.0
stochastic,82,silverman,imae,1.0,1.0
stochastic,82,silverman,maxerr,1.0,1.0
stochastic,83,cv,imse,1.0,1.0
stochastic,83,cv,imae,1.0,1.0
stochastic,83,cv,maxerr,1.0,1.0
stochastic,83,loocv,imse,1.0,1.0
stochastic,83,loocv,imae,1.0,1.0
stochastic,83,loocv,maxerr,1.0,1.0
stochastic,83,silverman,imse,1.0,1.0
stochastic,83,silverman,imae,1.0,1.0
stochastic,83,silverman,maxerr,1.0,1.0
stochastic,84,cv,imse,1.0,1.0
stochastic,84,cv,imae,1.0,1.0
stochastic,84,cv,maxerr,1.0,1.0
stochastic,84,loocv,imse,1.0,1.0
stochastic,84,loocv,imae,1.0,1.0
stochastic,84,loocv,maxerr,1.0,1.0
stochastic,85,cv,imse,1.0,1.0
stochastic,85,cv,imae,1.0,1.0
stochastic,85,cv,maxerr,1.0,1.0
stochastic,85,loocv,imse,1.0,1.0
stochastic,85,loocv,imae,1.0,1.0
stochastic,85,loocv,maxerr,1.0,1.0
stochastic,85,silverman,imse,1.0,1.0
stochastic,85,silverman,imae,1.0,1.0
stochastic,85,silverman,maxerr,1.0,1.0
stochastic,86,cv,imse,1.0,1.0
stochastic,86,cv,imae,1.0,1.0
stochastic,86,cv,maxerr,1.0,1.0
stochastic,86,loocv,imse,1.0,1.0
stochastic,86,loocv,imae,1.0,1.0
stochastic,86,loocv,maxerr,1.0,1.0
stochastic,86,silverman,imse,1.0,1.0
stochastic,86,silverman,imae,1.0,1.0
stochastic,86,silverman,maxerr,1.0,1.0
stochastic,87,cv,imse,1.0,1.0
stochastic,87,cv,imae,1.0,1.0
stochastic,87,cv,maxerr,1.0,1.0
stochastic,87,loocv,imse,1.0,1.0
stochastic,87,loocv,imae,1.0,1.0
stochastic,87,loocv,maxerr,1.0,1.0
stochastic,87,silverman,imse,1.0,1.0
stochastic,87,silverman,imae,1.0,1.0
stochastic,87,silverman,maxerr,1.0,1.0
stochastic,88,cv,imse,1.0,1.0
stochastic,88,cv,imae,1.0,1.0
stochastic,88,cv,maxerr,1.0,1.0
stochastic,88,loocv,imse,1.0,1.0
stochastic,88,loocv,imae,1.0,1.0
stochastic,88,loocv,maxerr,1.0,1.0
stochastic,88,silverman,imse,1.0,1.0
stochastic,88,silverman,imae,1.0,1.0
stochastic,88,silverman,maxerr,1.0,1.0
stochastic,90,cv,imse,1.0,1.0
stochastic,90,cv,imae,1.0,1.0
stochastic,90,cv,maxerr,1.0,1.0
stochastic,90,loocv,imse,1.0,1.0
stochastic,90,loocv,imae,1.0,1.0
stochastic,90,loocv,maxerr,1.0,1.0
stochastic,90,silverman,imse,1.0,1.0
stochastic,90,silverman,imae,1.0,1.0
stochastic,90,silverman,maxerr,1.0,1.0
stochastic,91,cv,imse,1.0,1.0
stochastic,91,cv,imae,1.0,1.0
stochastic,91,cv,maxerr,1.0,1.0
stochastic,91,loocv,imse,1.0,1.0
stochastic,91,loocv,imae,1.0,1.0
stochastic,91,loocv,maxerr,1.0,1.0
stochastic,91,silverman,imse,1.0,1.0
stochastic,91,silverman,imae,1.0,1.0
stochastic,91,silverman,maxerr,1.0,1.0
stochastic,93,cv,imse,1.0,1.0
stochastic,93,cv,imae,1.0,1.0
stochastic,93,cv,maxerr,1.0,1.0
stochastic,93,loocv,imse,1.0,1.0
stochastic,93,loocv,imae,1.0,1.0
stochastic,93,loocv,maxerr,1.0,1.0
stochastic,93,silverman,imse,1.0,1.0
stochastic,93,silverman,imae,1.0,1.0
stochastic,93,silverman,maxerr,1.0,1.0
stochastic,96,loocv,imse,1.0,1.0
stochastic,96,loocv,imae,1.0,1.0
stochastic,96,loocv,maxerr,1.0,1.0
stochastic,97,cv,imse,1.0,1.0
stochastic,97,cv,imae,1.0,1.0
stochastic,97,cv,maxerr,1.0,1.0
stochastic,97,loocv,imse,1.0,1.0
stochastic,97,loocv,imae,1.0,1.0
stochastic,97,loocv,maxerr,1.0,1.0
stochastic,97,silverman,imse,1.0,1.0
stochastic,97,silverman,imae,1.0,1.0
stochastic,97,silverman,maxerr,1.0,1.0
stochastic,98,cv,imse,1.0,1.0
stochastic,98,cv,imae,1.0,1.0
stochastic,98,cv,maxerr,1.0,1.0
stochastic,98,loocv,imse,1.0,1.0
stochastic,98,loocv,imae,1.0,1.0
stochastic,98,loocv,maxerr,1.0,1.0
stochastic,98,silverman,imse,1.0,1.0
stochastic,98,silverman,imae,1.0,1.0
stochastic,98,silverman,maxerr,1.0,1.0
stochastic,99,cv,imse,1.0,1.0
stochastic,99,cv,imae,1.0,1.0
stochastic,99,cv,maxerr,1.0,1.0
stochastic,99,loocv,imse,1.0,1.0
stochastic,99,loocv,imae,1.0,1.0
stochastic,99,loocv,maxerr,1.0,1.0
stochastic,100,cv,imse,1.0,1.0
stochastic,100,cv,imae,1.0,1.0
stochastic,100,cv,maxerr,1.0,1.0
stochastic,100,loocv,imse,1.0,1.0
stochastic,100,loocv,imae,1.0,1.0
stochastic,100,loocv,maxerr,1.0,1.0
stochastic,100,silverman,imse,1.0,1.0
stochastic,100,silverman,imae,1.0,1.0
stochastic,100,silverman,maxerr,1.0,1.0
stochastic,102,cv,imse,1.0,1.0
stochastic,102,cv,imae,1.0,1.0
stochastic,102,cv,maxerr,1.0,1.0
stochastic,102,loocv,imse,1.0,1.0
stochastic,102,loocv,imae,1.0,1.0
stochastic,102,loocv,maxerr,1.0,1.0
stochastic,102,silverman,imse,1.0,1.0
stochastic,102,silverman,imae,1.0,1.0
stochastic,102,silverman,maxerr,1.0,1.0
stochastic,103,cv,imse,1.0,1.0
stochastic,103,cv,imae,1.0,1.0
stochastic,103,cv,maxerr,1.0,1.0
stochastic,103,loocv,imse,1.0,1.0
stochastic,103,loocv,imae,1.0,1.0
stochastic,103,loocv,maxerr,1.0,1.0
stochastic,103,silverman,imse,1.0,1.0
stochastic,103,silverman,imae,1.0,1.0
stochastic,103,silverman,maxerr,1.0,1.0
stochastic,104,cv,imse,1.0,1.0
stochastic,104,cv,imae,1.0,1.0
stochastic,104,cv,maxerr,1.0,1.0
stochastic,104,loocv,imse,1.0,1.0
stochastic,104,loocv,imae,1.0,1.0
stochastic,104,loocv,maxerr,1.0,1.0
stochastic,104,silverman,imse,1.0,1.0
stochastic,104,silverman,imae,1.0,1.0
stochastic,104,silverman,maxerr,1.0,1.0
stochastic,105,cv,imse,1.0,1.0
stochastic,105,cv,imae,1.0,1.0
stochastic,105,cv,maxerr,1.0,1.0
stochastic,105,loocv,imse,1.0,1.0
stochastic,105,loocv,imae,1.0,1.0
stochastic,105,loocv,maxerr,1.0,1.0
stochastic,105,silverman,imse,1.0,1.0
stochastic,105,silverman,imae,1.0,1.0
stochastic,105,silverman,maxerr,1.0,1.0
stochastic,106,cv,imse,1.0,1.0
stochastic,106,cv,imae,1.0,1.0
stochastic,106,cv,maxerr,1.0,1.0
stochastic,106,loocv,imse,1.0,1.0
stochastic,106,loocv,imae,1.0,1.0
stochastic,106,loocv,maxerr,1.0,1.0
stochastic,106,silverman,imse,1.0,1.0
stochastic,106,silverman,imae,1.0,1.0
stochastic,106,silverman,maxerr,1.0,1.0
stochastic,108,cv,imse,1.0,1.0
stochastic,108,cv,imae,1.0,1.0
stochastic,108,cv,maxerr,1.0,1.0
stochastic,108,loocv,imse,1.0,1.0
stochastic,108,loocv,imae,1.0,1.0
stochastic,108,loocv,maxerr,1.0,1.0
stochastic,108,silverman,imse,1.0,1.0
stochastic,108,silverman,imae,1.0,1.0
stochastic,108,silverman,maxerr,1.0,1.0
stochastic,109,cv,imse,1.0,1.0
stochastic,109,cv,imae,1.0,1.0
stochastic,109,cv,maxerr,1.0,1.0
stochastic,109,loocv,imse,1.0,1.0
stochastic,109,loocv,imae,1.0,1.0
stochastic,109,loocv,maxerr,1.0,1.0
stochastic,109,silverman,imse,1.0,1.0
stochastic,109,silverman,imae,1.0,1.0
stochastic,109,silverman,maxerr,1.0,1.0
stochastic,110,cv,imse,1.0,1.0
stochastic,110,cv,imae,1.0,1.0
stochastic,110,cv,maxerr,1.0,1.0
stochastic,110,loocv,imse,1.0,1.0
stochastic,110,loocv,imae,1.0,1.0
stochastic,110,loocv,maxerr,1.0,1.0
stochastic,110,silverman,imse,1.0,1.0
stochastic,110,silverman,imae,1.0,1.0
stochastic,110,silverman,maxerr,1.0,1.0
stochastic,111,cv,imse,1.0,1.0
stochastic,111,cv,imae,1.0,1.0
stochastic,111,cv,maxerr,1.0,1.0
stochastic,111,loocv,imse,1.0,1.0
stochastic,111,loocv,imae,1.0,1.0
stochastic,111,loocv,maxerr,1.0,1.0
stochastic,111,silverman,imse,1.0,1.0
stochastic,111,silverman,imae,1.0,1.0
stochastic,111,silverman,maxerr,1.0,1.0
stochastic,112,cv,imse,1.0,1.0
stochastic,112,cv,imae,1.0,1.0
stochastic,112,cv,maxerr,1.0,1.0
stochastic,112,silverman,imse,1.0,1.0
stochastic,112,silverman,imae,1.0,1.0
stochastic,112,silverman,maxerr,1.0,1.0
stochastic,114,cv,imse,1.0,1.0
stochastic,114,cv,imae,1.0,1.0
stochastic,114,cv,maxerr,1.0,1.0
stochastic,114,loocv,imse,1.0,1.0
stochastic,114,loocv,imae,1.0,1.0
stochastic,114,loocv,maxerr,1.0,1.0
stochastic,114,silverman,imse,1.0,1.0
stochastic,114,silverman,imae,1.0,1.0
stochastic,114,silverman,maxerr,1.0,1.0
stochastic,115,cv,imse,1.0,1.0
stochastic,115,cv,imae,1.0,1.0
stochastic,115,cv,maxerr,1.0,1.0
stochastic,115,loocv,imse,1.0,1.0
stochastic,115,loocv,imae,1.0,1.0
stochastic,115,loocv,maxerr,1.0,1.0
stochastic,115,silverman,imse,1.0,1.0
stochastic,115,silverman,imae,1.0,1.0
stochastic,115,silverman,maxerr,1.0,1.0
stochastic,116,cv,imse,1.0,1.0
stochastic,116,cv,imae,1.0,1.0
stochastic,116,cv,maxerr,1.0,1.0
stochastic,116,loocv,imse,1.0,1.0
stochastic,116,loocv,imae,1.0,1.0
stochastic,116,loocv,maxerr,1.0,1.0
stochastic,116,silverman,imse,1.0,1.0
stochastic,116,silverman,imae,1.0,1.0
stochastic,116,silverman,maxerr,1.0,1.0
stochastic,117,cv,imse,1.0,1.0
stochastic,117,cv,imae,1.0,1.0
stochastic,117,cv,maxerr,1.0,1.0
stochastic,117,loocv,imse,1.0,1.0
stochastic,117,loocv,imae,1.0,1.0
stochastic,117,loocv,maxerr,1.0,1.0
stochastic,117,silverman,imse,1.0,1.0
stochastic,117,silverman,imae,1.0,1.0
stochastic,117,silverman,maxerr,1.0,1.0
stochastic,118,cv,imse,1.0,1.0
stochastic,118,cv,imae,1.0,1.0
stochastic,118,cv,maxerr,1.0,1.0
stochastic,118,loocv,imse,1.0,1.0
stochastic,118,loocv,imae,1.0,1.0
stochastic,118,loocv,maxerr,1.0,1.0
stochastic,118,silverman,imse,1.0,1.0
stochastic,118,silverman,imae,1.0,1.0
stochastic,118,silverman,maxerr,1.0,1.0
stochastic,119,cv,imse,1.0,1.0
stochastic,119,cv,imae,1.0,1.0
stochastic,119,cv,maxerr,1.0,1.0
stochastic,119,loocv,imse,1.0,1.0
stochastic,119,loocv,imae,1.0,1.0
stochastic,119,loocv,maxerr,1.0,1.0
stochastic,119,silverman,imse,1.0,1.0
stochastic,119,silverman,imae,1.0,1.0
stochastic,119,silverman,maxerr,1.0,1.0
stochastic,120,cv,imse,1.0,1.0
stochastic,120,cv,imae,1.0,1.0
stochastic,120,cv,maxerr,1.0,1.0
stochastic,120,loocv,imse,1.0,1.0
stochastic,120,loocv,imae,1.0,1.0
stochastic,120,loocv,maxerr,1.0,1.0
stochastic,120,silverman,imse,1.0,1.0
stochastic,120,silverman,imae,1.0,1.0
stochastic,120,silverman,maxerr,1.0,1.0
stochastic,122,cv,imse,1.0,1.0
stochastic,122,cv,imae,1.0,1.0
stochastic,122,cv,maxerr,1.0,1.0
stochastic,122,loocv,imse,1.0,1.0
stochastic,122,loocv,imae,1.0,1.0
stochastic,122,loocv,maxerr,1.0,1.0
stochastic,122,silverman,imse,1.0,1.0
stochastic,122,silverman,imae,1.0,1.0
stochastic,122,silverman,maxerr,1.0,1.0
stochastic,123,cv,imse,1.0,1.0
stochastic,123,cv,imae,1.0,1.0
stochastic,123,cv,maxerr,1.0,1.0
stochastic,123,loocv,imse,1.0,1.0
stochastic,123,loocv,imae,1.0,1.0
stochastic,123,loocv,maxerr,1.0,1.0
stochastic,123,silverman,imse,1.0,1.0
stochastic,123,silverman,imae,1.0,1.0
stochastic,123,silverman,maxerr,1.0,1.0
stochastic,124,cv,imse,1.0,1.0
stochastic,124,cv,imae,1.0,1.0
stochastic,124,cv,maxerr,1.0,1.0
stochastic,124,loocv,imse,1.0,1.0
stochastic,124,loocv,imae,1.0,1.0
stochastic,124,loocv,maxerr,1.0,1.0
stochastic,124,silverman,imse,1.0,1.0
stochastic,124,silverman,imae,1.0,1.0
stochastic,124,silverman,maxerr,1.0,1.0
stochastic,127,cv,imse,1.0,1.0
stochastic,127,cv,imae,1.0,1.0
stochastic,127,cv,maxerr,1.0,1.0
stochastic,127,loocv,imse,1.0,1.0
stochastic,127,loocv,imae,1.0,1.0
stochastic,127,loocv,maxerr,1.0,1.0
stochastic,127,silverman,imse,1.0,1.0
stochastic,127,silverman,imae,1.0,1.0
stochastic,127,silverman,maxerr,1.0,1.0
stochastic,129,cv,imse,1.0,1.0
stochastic,129,cv,imae,1.0,1.0
stochastic,129,cv,maxerr,1.0,1.0
stochastic,129,loocv,imse,1.0,1.0
stochastic,129,loocv,imae,1.0,1.0
stochastic,129,loocv,maxerr,1.0,1.0
stochastic,129,silverman,imse,1.0,1.0
stochastic,129,silverman,imae,1.0,1.0
stochastic,129,silverman,maxerr,1.0,1.0
stochastic,131,cv,imse,1.0,1.0
stochastic,131,cv,imae,1.0,1.0
stochastic,131,cv,maxerr,1.0,1.0
stochastic,131,loocv,imse,1.0,1.0
stochastic,131,loocv,imae,1.0,1.0
stochastic,131,loocv,maxerr,1.0,1.0
stochastic,131,silverman,imse,1.0,1.0
stochastic,131,silverman,imae,1.0,1.0
stochastic,131,silverman,maxerr,1.0,1.0
stochastic,132,cv,imse,1.0,1.0
stochastic,132,cv,imae,1.0,1.0
stochastic,132,cv,maxerr,1.0,1.0
stochastic,132,loocv,imse,1.0,1.0
stochastic,132,loocv,imae,1.0,1.0
stochastic,132,loocv,maxerr,1.0,1.0
stochastic,132,silverman,imse,1.0,1.0
stochastic,132,silverman,imae,1.0,1.0
stochastic,132,silverman,maxerr,1.0,1.0
stochastic,133,cv,imse,1.0,1.0
stochastic,133,cv,imae,1.0,1.0
stochastic,133,cv,maxerr,1.0,1.0
stochastic,133,loocv,imse,1.0,1.0
stochastic,133,loocv,imae,1.0,1.0
stochastic,133,loocv,maxerr,1.0,1.0
stochastic,133,silverman,imse,1.0,1.0
stochastic,133,silverman,imae,1.0,1.0
stochastic,133,silverman,maxerr,1.0,1.0
stochastic,134,cv,imse,1.0,1.0
stochastic,134,cv,imae,1.0,1.0
stochastic,134,cv,maxerr,1.0,1.0
stochastic,134,loocv,imse,1.0,1.0
stochastic,134,loocv,imae,1.0,1.0
stochastic,134,loocv,maxerr,1.0,1.0
stochastic,134,silverman,imse,1.0,1.0
stochastic,134,silverman,imae,1.0,1.0
stochastic,134,silverman,maxerr,1.0,1.0
stochastic,135,cv,imse,1.0,1.0
stochastic,135,cv,imae,1.0,1.0
stochastic,135,cv,maxerr,1.0,1.0
stochastic,135,loocv,imse,1.0,1.0
stochastic,135,loocv,imae,1.0,1.0
stochastic,135,loocv,maxerr,1.0,1.0
stochastic,135,silverman,imse,1.0,1.0
stochastic,135,silverman,imae,1.0,1.0
stochastic,135,silverman,maxerr,1.0,1.0
stochastic,136,cv,imse,1.0,1.0
stochastic,136,cv,imae,1.0,1.0
stochastic,136,cv,maxerr,1.0,1.0
stochastic,137,loocv,imse,1.0,1.0
stochastic,137,loocv,imae,1.0,1.0
stochastic,137,loocv,maxerr,1.0,1.0
stochastic,137,silverman,imse,1.0,1.0
stochastic,137,silverman,imae,1.0,1.0
stochastic,137,silverman,maxerr,1.0,1.0
stochastic,138,loocv,imse,1.0,1.0
stochastic,138,loocv,imae,1.0,1.0
stochastic,138,loocv,maxerr,1.0,1.0
stochastic,138,silverman,imse,1.0,1.0
stochastic,138,silverman,imae,1.0,1.0
stochastic,138,silverman,maxerr,1.0,1.0
stochastic,139,cv,imse,1.0,1.0
stochastic,139,cv,imae,1.0,1.0
stochastic,139,cv,maxerr,1.0,1.0
stochastic,139,loocv,imse,1.0,1.0
stochastic,139,loocv,imae,1.0,1.0
stochastic,139,loocv,maxerr,1.0,1.0
stochastic,139,silverman,imse,1.0,1.0
stochastic,139,silverman,imae,1.0,1.0
stochastic,139,silverman,maxerr,1.0,1.0
stochastic,140,cv,imse,1.0,1.0
stochastic,140,cv,imae,1.0,1.0
stochastic,140,cv,maxerr,1.0,1.0
stochastic,140,loocv,imse,1.0,1.0
stochastic,140,loocv,imae,1.0,1.0
stochastic,140,loocv,maxerr,1.0,1.0
stochastic,140,silverman,imse,1.0,1.0
stochastic,140,silverman,imae,1.0,1.0
stochastic,140,silverman,maxerr,1.0,1.0
stochastic,141,silverman,imse,1.0,1.0
stochastic,141,silverman,imae,1.0,1.0
stochastic,141,silverman,maxerr,1.0,1.0
stochastic,142,cv,imse,1.0,1.0
stochastic,142,cv,imae,1.0,1.0
stochastic,142,cv,maxerr,1.0,1.0
stochastic,142,loocv,imse,1.0,1.0
stochastic,142,loocv,imae,1.0,1.0
stochastic,142,loocv,maxerr,1.0,1.0
stochastic,142,silverman,imse,1.0,1.0
stochastic,142,silverman,imae,1.0,1.0
stochastic,142,silverman,maxerr,1.0,1.0
stochastic,143,cv,imse,1.0,1.0
stochastic,143,cv,imae,1.0,1.0
stochastic,143,cv,maxerr,1.0,1.0
stochastic,143,loocv,imse,1.0,1.0
stochastic,143,loocv,imae,1.0,1.0
stochastic,143,loocv,maxerr,1.0,1.0
stochastic,143,silverman,imse,1.0,1.0
stochastic,143,silverman,imae,1.0,1.0
stochastic,143,silverman,maxerr,1.0,1.0
stochastic,145,silverman,imse,1.0,1.0
stochastic,145,silverman,imae,1.0,1.0
stochastic,145,silverman,maxerr,1.0,1.0
stochastic,146,cv,imse,1.0,1.0
stochastic,146,cv,imae,1.0,1.0
stochastic,146,cv,maxerr,1.0,1.0
stochastic,146,loocv,imse,1.0,1.0
stochastic,146,loocv,imae,1.0,1.0
stochastic,146,loocv,maxerr,1.0,1.0
stochastic,146,silverman,imse,1.0,1.0
stochastic,146,silverman,imae,1.0,1.0
stochastic,146,silverman,maxerr,1.0,1.0
stochastic,147,cv,imse,1.0,1.0
stochastic,147,cv,imae,1.0,1.0
stochastic,147,cv,maxerr,1.0,1.0
stochastic,147,loocv,imse,1.0,1.0
stochastic,147,loocv,imae,1.0,1.0
stochastic,147,loocv,maxerr,1.0,1.0
stochastic,147,silverman,imse,1.0,1.0
stochastic,147,silverman,imae,1.0,1.0
stochastic,147,silverman,maxerr,1.0,1.0
stochastic,148,cv,imse,1.0,1.0
stochastic,148,cv,imae,1.0,1.0
stochastic,148,cv,maxerr,1.0,1.0
stochastic,148,loocv,imse,1.0,1.0
stochastic,148,loocv,imae,1.0,1.0
stochastic,148,loocv,maxerr,1.0,1.0
stochastic,148,silverman,imse,1.0,1.0
stochastic,148,silverman,imae,1.0,1.0
stochastic,148,silverman,maxerr,1.0,1.0
stochastic,149,silverman,imse,1.0,1.0
stochastic,149,silverman,imae,1.0,1.0
stochastic,149,silverman,maxerr,1.0,1.0
stochastic,151,cv,imse,1.0,1.0
stochastic,151,cv,imae,1.0,1.0
stochastic,151,cv,maxerr,1.0,1.0
stochastic,151,loocv,imse,1.0,1.0
stochastic,151,loocv,imae,1.0,1.0
stochastic,151,loocv,maxerr,1.0,1.0
stochastic,151,silverman,imse,1.0,1.0
stochastic,151,silverman,imae,1.0,1.0
stochastic,151,silverman,maxerr,1.0,1.0
stochastic,153,cv,imse,1.0,1.0
stochastic,153,cv,imae,1.0,1.0
stochastic,153,cv,maxerr,1.0,1.0
stochastic,153,loocv,imse,1.0,1.0
stochastic,153,loocv,imae,1.0,1.0
stochastic,153,loocv,maxerr,1.0,1.0
stochastic,153,silverman,imse,1.0,1.0
stochastic,153,silverman,imae,1.0,1.0
stochastic,153,silverman,maxerr,1.0,1.0
stochastic,154,cv,imse,1.0,1.0
stochastic,154,cv,imae,1.0,1.0
stochastic,154,cv,maxerr,1.0,1.0
stochastic,154,loocv,imse,1.0,1.0
stochastic,154,loocv,imae,1.0,1.0
stochastic,154,loocv,maxerr,1.0,1.0
stochastic,154,silverman,imse,1.0,1.0
stochastic,154,silverman,imae,1.0,1.0
stochastic,154,silverman,maxerr,1.0,1.0
stochastic,156,cv,imse,1.0,1.0
stochastic,156,cv,imae,1.0,1.0
stochastic,156,cv,maxerr,1.0,1.0
stochastic,156,loocv,imse,1.0,1.0
stochastic,156,loocv,imae,1.0,1.0
stochastic,156,loocv,maxerr,1.0,1.0
stochastic,156,silverman,imse,1.0,1.0
stochastic,156,silverman,imae,1.0,1.0
stochastic,156,silverman,maxerr,1.0,1.0
stochastic,157,cv,imse,1.0,1.0
stochastic,157,cv,imae,1.0,1.0
stochastic,157,cv,maxerr,1.0,1.0
stochastic,157,loocv,imse,1.0,1.0
stochastic,157,loocv,imae,1.0,1.0
stochastic,157,loocv,maxerr,1.0,1.0
stochastic,157,silverman,imse,1.0,1.0
stochastic,157,silverman,imae,1.0,1.0
stochastic,157,silverman,maxerr,1.0,1.0
stochastic,158,cv,imse,1.0,1.0
stochastic,158,cv,imae,1.0,1.0
stochastic,158,cv,maxerr,1.0,1.0
stochastic,158,loocv,imse,1.0,1.0
stochastic,158,loocv,imae,1.0,1.0
stochastic,158,loocv,maxerr,1.0,1.0
stochastic,158,silverman,imse,1.0,1.0
stochastic,158,silverman,imae,1.0,1.0
stochastic,158,silverman,maxerr,1.0,1.0
stochastic,159,cv,imse,1.0,1.0
stochastic,159,cv,imae,1.0,1.0
stochastic,159,cv,maxerr,1.0,1.0
stochastic,159,loocv,imse,1.0,1.0
stochastic,159,loocv,imae,1.0,1.0
stochastic,159,loocv,maxerr,1.0,1.0
stochastic,159,silverman,imse,1.0,1.0
stochastic,159,silverman,imae,1.0,1.0
stochastic,159,silverman,maxerr,1.0,1.0
stochastic,160,cv,imse,1.0,1.0
stochastic,160,cv,imae,1.0,1.0
stochastic,160,cv,maxerr,1.0,1.0
stochastic,160,loocv,imse,1.0,1.0
stochastic,160,loocv,imae,1.0,1.0
stochastic,160,loocv,maxerr,1.0,1.0
stochastic,160,silverman,imse,1.0,1.0
stochastic,160,silverman,imae,1.0,1.0
stochastic,160,silverman,maxerr,1.0,1.0
stochastic,161,cv,imse,1.0,1.0
stochastic,161,cv,imae,1.0,1.0
stochastic,161,cv,maxerr,1.0,1.0
stochastic,161,loocv,imse,1.0,1.0
stochastic,161,loocv,imae,1.0,1.0
stochastic,161,loocv,maxerr,1.0,1.0
stochastic,161,silverman,imse,1.0,1.0
stochastic,161,silverman,imae,1.0,1.0
stochastic,161,silverman,maxerr,1.0,1.0
stochastic,162,cv,imse,1.0,1.0
stochastic,162,cv,imae,1.0,1.0
stochastic,162,cv,maxerr,1.0,1.0
stochastic,162,loocv,imse,1.0,1.0
stochastic,162,loocv,imae,1.0,1.0
stochastic,162,loocv,maxerr,1.0,1.0
stochastic,162,silverman,imse,1.0,1.0
stochastic,162,silverman,imae,1.0,1.0
stochastic,162,silverman,maxerr,1.0,1.0
stochastic,164,cv,imse,1.0,1.0
stochastic,164,cv,imae,1.0,1.0
stochastic,164,cv,maxerr,1.0,1.0
stochastic,164,loocv,imse,1.0,1.0
stochastic,164,loocv,imae,1.0,1.0
stochastic,164,loocv,maxerr,1.0,1.0
stochastic,164,silverman,imse,1.0,1.0
stochastic,164,silverman,imae,1.0,1.0
stochastic,164,silverman,maxerr,1.0,1.0
stochastic,165,cv,imse,1.0,1.0
stochastic,165,cv,imae,1.0,1.0
stochastic,165,cv,maxerr,1.0,1.0
stochastic,165,loocv,imse,1.0,1.0
stochastic,165,loocv,imae,1.0,1.0
stochastic,165,loocv,maxerr,1.0,1.0
stochastic,165,silverman,imse,1.0,1.0
stochastic,165,silverman,imae,1.0,1.0
stochastic,165,silverman,maxerr,1.0,1.0
stochastic,166,cv,imse,1.0,1.0
stochastic,166,cv,imae,1.0,1.0
stochastic,166,cv,maxerr,1.0,1.0
stochastic,166,loocv,imse,1.0,1.0
stochastic,166,loocv,imae,1.0,1.0
stochastic,166,loocv,maxerr,1.0,1.0
stochastic,166,silverman,imse,1.0,1.0
stochastic,166,silverman,imae,1.0,1.0
stochastic,166,silverman,maxerr,1.0,1.0
stochastic,167,cv,imse,1.0,1.0
stochastic,167,cv,imae,1.0,1.0
stochastic,167,cv,maxerr,1.0,1.0
stochastic,167,loocv,imse,1.0,1.0
stochastic,167,loocv,imae,1.0,1.0
stochastic,167,loocv,maxerr,1.0,1.0
stochastic,168,cv,imse,1.0,1.0
stochastic,168,cv,imae,1.0,1.0
stochastic,168,cv,maxerr,1.0,1.0
stochastic,168,loocv,imse,1.0,1.0
stochastic,168,loocv,imae,1.0,1.0
stochastic,168,loocv,maxerr,1.0,1.0
stochastic,168,silverman,imse,1.0,1.0
stochastic,168,silverman,imae,1.0,1.0
stochastic,168,silverman,maxerr,1.0,1.0
stochastic,169,cv,imse,1.0,1.0
stochastic,169,cv,imae,1.0,1.0
stochastic,169,cv,maxerr,1.0,1.0
stochastic,169,loocv,imse,1.0,1.0
stochastic,169,loocv,imae,1.0,1.0
stochastic,169,loocv,maxerr,1.0,1.0
stochastic,169,silverman,imse,1.0,1.0
stochastic,169,silverman,imae,1.0,1.0
stochastic,169,silverman,maxerr,1.0,1.0
stochastic,170,cv,imse,1.0,1.0
stochastic,170,cv,imae,1.0,1.0
stochastic,170,cv,maxerr,1.0,1.0
stochastic,170,loocv,imse,1.0,1.0
stochastic,170,loocv,imae,1.0,1.0
stochastic,170,loocv,maxerr,1.0,1.0
stochastic,170,silverman,imse,1.0,1.0
stochastic,170,silverman,imae,1.0,1.0
stochastic,170,silverman,maxerr,1.0,1.0
stochastic,171,cv,imse,1.0,1.0
stochastic,171,cv,imae,1.0,1.0
stochastic,171,cv,maxerr,1.0,1.0
stochastic,171,loocv,imse,1.0,1.0
stochastic,171,loocv,imae,1.0,1.0
stochastic,171,loocv,maxerr,1.0,1.0
stochastic,171,silverman,imse,1.0,1.0
stochastic,171,silverman,imae,1.0,1.0
stochastic,171,silverman,maxerr,1.0,1.0
stochastic,172,cv,imse,1.0,1.0
stochastic,172,cv,imae,1.0,1.0
stochastic,172,cv,maxerr,1.0,1.0
stochastic,172,loocv,imse,1.0,1.0
stochastic,172,loocv,imae,1.0,1.0
stochastic,172,loocv,maxerr,1.0,1.0
stochastic,172,silverman,imse,1.0,1.0
stochastic,172,silverman,imae,1.0,1.0
stochastic,172,silverman,maxerr,1.0,1.0
stochastic,174,cv,imse,1.0,1.0
stochastic,174,cv,imae,1.0,1.0
stochastic,174,cv,maxerr,1.0,1.0
stochastic,174,loocv,imse,1.0,1.0
stochastic,174,loocv,imae,1.0,1.0
stochastic,174,loocv,maxerr,1.0,1.0
stochastic,174,silverman,imse,1.0,1.0
stochastic,174,silverman,imae,1.0,1.0
stochastic,174,silverman,maxerr,1.0,1.0
stochastic,175,cv,imse,1.0,1.0
stochastic,175,cv,imae,1.0,1.0
stochastic,175,cv,maxerr,1.0,1.0
stochastic,175,loocv,imse,1.0,1.0
stochastic,175,loocv,imae,1.0,1.0
stochastic,175,loocv,maxerr,1.0,1.0
stochastic,175,silverman,imse,1.0,1.0
stochastic,175,silverman,imae,1.0,1.0
stochastic,175,silverman,maxerr,1.0,1.0
stochastic,176,cv,imse,1.0,1.0
stochastic,176,cv,imae,1.0,1.0
stochastic,176,cv,maxerr,1.0,1.0
stochastic,176,loocv,imse,1.0,1.0
stochastic,176,loocv,imae,1.0,1.0
stochastic,176,loocv,maxerr,1.0,1.0
stochastic,176,silverman,imse,1.0,1.0
stochastic,176,silverman,imae,1.0,1.0
stochastic,176,silverman,maxerr,1.0,1.0
stochastic,179,cv,imse,1.0,1.0
stochastic,179,cv,imae,1.0,1.0
stochastic,179,cv,maxerr,1.0,1.0
stochastic,179,loocv,imse,1.0,1.0
stochastic,179,loocv,imae,1.0,1.0
stochastic,179,loocv,maxerr,1.0,1.0
stochastic,179,silverman,imse,1.0,1.0
stochastic,179,silverman,imae,1.0,1.0
stochastic,179,silverman,maxerr,1.0,1.0
stochastic,180,cv,imse,1.0,1.0
stochastic,180,cv,imae,1.0,1.0
stochastic,180,cv,maxerr,1.0,1.0
stochastic,180,loocv,imse,1.0,1.0
stochastic,180,loocv,imae,1.0,1.0
stochastic,180,loocv,maxerr,1.0,1.0
stochastic,180,silverman,imse,1.0,1.0
stochastic,180,silverman,imae,1.0,1.0
stochastic,180,silverman,maxerr,1.0,1.0
stochastic,181,cv,imse,1.0,1.0
stochastic,181,cv,imae,1.0,1.0
stochastic,181,cv,maxerr,1.0,1.0
stochastic,181,loocv,imse,1.0,1.0
stochastic,181,loocv,imae,1.0,1.0
stochastic,181,loocv,maxerr,1.0,1.0
stochastic,181,silverman,imse,1.0,1.0
stochastic,181,silverman,imae,1.0,1.0
stochastic,181,silverman,maxerr,1.0,1.0
stochastic,183,cv,imse,1.0,1.0
stochastic,183,cv,imae,1.0,1.0
stochastic,183,cv,maxerr,1.0,1.0
stochastic,183,loocv,imse,1.0,1.0
stochastic,183,loocv,imae,1.0,1.0
stochastic,183,loocv,maxerr,1.0,1.0
stochastic,183,silverman,imse,1.0,1.0
stochastic,183,silverman,imae,1.0,1.0
stochastic,183,silverman,maxerr,1.0,1.0
stochastic,184,cv,imse,1.0,1.0
stochastic,184,cv,imae,1.0,1.0
stochastic,184,cv,maxerr,1.0,1.0
stochastic,184,loocv,imse,1.0,1.0
stochastic,184,loocv,imae,1.0,1.0
stochastic,184,loocv,maxerr,1.0,1.0
stochastic,184,silverman,imse,1.0,1.0
stochastic,184,silverman,imae,1.0,1.0
stochastic,184,silverman,maxerr,1.0,1.0
stochastic,187,cv,imse,1.0,1.0
stochastic,187,cv,imae,1.0,1.0
stochastic,187,cv,maxerr,1.0,1.0
stochastic,187,loocv,imse,1.0,1.0
stochastic,187,loocv,imae,1.0,1.0
stochastic,187,loocv,maxerr,1.0,1.0
stochastic,187,silverman,imse,1.0,1.0
stochastic,187,silverman,imae,1.0,1.0
stochastic,187,silverman,maxerr,1.0,1.0
stochastic,189,cv,imse,1.0,1.0
stochastic,189,cv,imae,1.0,1.0
stochastic,189,cv,maxerr,1.0,1.0
stochastic,189,loocv,imse,1.0,1.0
stochastic,189,loocv,imae,1.0,1.0
stochastic,189,loocv,maxerr,1.0,1.0
stochastic,189,silverman,imse,1.0,1.0
stochastic,189,silverman,imae,1.0,1.0
stochastic,189,silverman,maxerr,1.0,1.0
stochastic,191,cv,imse,1.0,1.0
stochastic,191,cv,imae,1.0,1.0
stochastic,191,cv,maxerr,1.0,1.0
stochastic,191,loocv,imse,1.0,1.0
stochastic,191,loocv,imae,1.0,1.0
stochastic,191,loocv,maxerr,1.0,1.0
stochastic,191,silverman,imse,1.0,1.0
stochastic,191,silverman,imae,1.0,1.0
stochastic,191,silverman,maxerr,1.0,1.0
stochastic,192,cv,imse,1.0,1.0
stochastic,192,cv,imae,1.0,1.0
stochastic,192,cv,maxerr,1.0,1.0
stochastic,192,loocv,imse,1.0,1.0
stochastic,192,loocv,imae,1.0,1.0
stochastic,192,loocv,maxerr,1.0,1.0
stochastic,192,silverman,imse,1.0,1.0
stochastic,192,silverman,imae,1.0,1.0
stochastic,192,silverman,maxerr,1.0,1.0
stochastic,193,cv,imse,1.0,1.0
stochastic,193,cv,imae,1.0,1.0
stochastic,193,cv,maxerr,1.0,1.0
stochastic,193,loocv,imse,1.0,1.0
stochastic,193,loocv,imae,1.0,1.0
stochastic,193,loocv,maxerr,1.0,1.0
stochastic,193,silverman,imse,1.0,1.0
stochastic,193,silverman,imae,1.0,1.0
stochastic,193,silverman,maxerr,1.0,1.0
stochastic,194,cv,imse,1.0,1.0
stochastic,194,cv,imae,1.0,1.0
stochastic,194,cv,maxerr,1.0,1.0
stochastic,194,loocv,imse,1.0,1.0
stochastic,194,loocv,imae,1.0,1.0
stochastic,194,loocv,maxerr,1.0,1.0
stochastic,194,silverman,imse,1.0,1.0
stochastic,194,silverman,imae,1.0,1.0
stochastic,194,silverman,maxerr,1.0,1.0
stochastic,196,cv,imse,1.0,1.0
stochastic,196,cv,imae,1.0,1.0
stochastic,196,cv,maxerr,1.0,1.0
stochastic,196,loocv,imse,1.0,1.0
stochastic,196,loocv,imae,1.0,1.0
stochastic,196,loocv,maxerr,1.0,1.0
stochastic,196,silverman,imse,1.0,1.0
stochastic,196,silverman,imae,1.0,1.0
stochastic,196,silverman,maxerr,1.0,1.0
stochastic,198,cv,imse,1.0,1.0
stochastic,198,cv,imae,1.0,1.0
stochastic,198,cv,maxerr,1.0,1.0
stochastic,200,loocv,imse,1.0,1.0
stochastic,200,loocv,imae,1.0,1.0
stochastic,200,loocv,maxerr,1.0,1.0
stochastic,200,silverman,imse,1.0,1.0
stochastic,200,silverman,imae,1.0,1.0
stochastic,200,silverman,maxerr,1.0,1.0
stochastic,201,cv,imse,1.0,1.0
stochastic,201,cv,imae,1.0,1.0
stochastic,201,cv,maxerr,1.0,1.0
stochastic,201,loocv,imse,1.0,1.0
stochastic,201,loocv,imae,1.0,1.0
stochastic,201,loocv,maxerr,1.0,1.0
stochastic,201,silverman,imse,1.0,1.0
stochastic,201,silverman,imae,1.0,1.0
stochastic,201,silverman,maxerr,1.0,1.0
stochastic,202,cv,imse,1.0,1.0
stochastic,202,cv,imae,1.0,1.0
stochastic,202,cv,maxerr,1.0,1.0
stochastic,202,loocv,imse,1.0,1.0
stochastic,202,loocv,imae,1.0,1.0
stochastic,202,loocv,maxerr,1.0,1.0
stochastic,202,silverman,imse,1.0,1.0
stochastic,202,silverman,imae,1.0,1.0
stochastic,202,silverman,maxerr,1.0,1.0
stochastic,204,cv,imse,1.0,1.0
stochastic,204,cv,imae,1.0,1.0
stochastic,204,cv,maxerr,1.0,1.0
stochastic,204,loocv,imse,1.0,1.0
stochastic,204,loocv,imae,1.0,1.0
stochastic,204,loocv,maxerr,1.0,1.0
stochastic,204,silverman,imse,1.0,1.0
stochastic,204,silverman,imae,1.0,1.0
stochastic,204,silverman,maxerr,1.0,1.0
stochastic,206,silverman,imse,1.0,1.0
stochastic,206,silverman,imae,1.0,1.0
stochastic,206,silverman,maxerr,1.0,1.0
stochastic,209,cv,imse,1.0,1.0
stochastic,209,cv,imae,1.0,1.0
stochastic,209,cv,maxerr,1.0,1.0
stochastic,209,loocv,imse,1.0,1.0
stochastic,209,loocv,imae,1.0,1.0
stochastic,209,loocv,maxerr,1.0,1.0
stochastic,209,silverman,imse,1.0,1.0
stochastic,209,silverman,imae,1.0,1.0
stochastic,209,silverman,maxerr,1.0,1.0
stochastic,210,cv,imse,1.0,1.0
stochastic,210,cv,imae,1.0,1.0
stochastic,210,cv,maxerr,1.0,1.0
stochastic,210,loocv,imse,1.0,1.0
stochastic,210,loocv,imae,1.0,1.0
stochastic,210,loocv,maxerr,1.0,1.0
stochastic,210,silverman,imse,1.0,1.0
stochastic,210,silverman,imae,1.0,1.0
stochastic,210,silverman,maxerr,1.0,1.0
stochastic,211,cv,imse,1.0,1.0
stochastic,211,cv,imae,1.0,1.0
stochastic,211,cv,maxerr,1.0,1.0
stochastic,211,loocv,imse,1.0,1.0
stochastic,211,loocv,imae,1.0,1.0
stochastic,211,loocv,maxerr,1.0,1.0
stochastic,211,silverman,imse,1.0,1.0
stochastic,211,silverman,imae,1.0,1.0
stochastic,211,silverman,maxerr,1.0,1.0
stochastic,212,cv,imse,1.0,1.0
stochastic,212,cv,imae,1.0,1.0
stochastic,212,cv,maxerr,1.0,1.0
stochastic,212,loocv,imse,1.0,1.0
stochastic,212,loocv,imae,1.0,1.0
stochastic,212,loocv,maxerr,1.0,1.0
stochastic,212,silverman,imse,1.0,1.0
stochastic,212,silverman,imae,1.0,1.0
stochastic,212,silverman,maxerr,1.0,1.0
stochastic,213,cv,imse,1.0,1.0
stochastic,213,cv,imae,1.0,1.0
stochastic,213,cv,maxerr,1.0,1.0
stochastic,213,loocv,imse,1.0,1.0
stochastic,213,loocv,imae,1.0,1.0
stochastic,213,loocv,maxerr,1.0,1.0
stochastic,213,silverman,imse,1.0,1.0
stochastic,213,silverman,imae,1.0,1.0
stochastic,213,silverman,maxerr,1.0,1.0
stochastic,214,cv,imse,1.0,1.0
stochastic,214,cv,imae,1.0,1.0
stochastic,214,cv,maxerr,1.0,1.0
stochastic,214,loocv,imse,1.0,1.0
stochastic,214,loocv,imae,1.0,1.0
stochastic,214,loocv,maxerr,1.0,1.0
stochastic,214,silverman,imse,1.0,1.0
stochastic,214,silverman,imae,1.0,1.0
stochastic,214,silverman,maxerr,1.0,1.0
stochastic,215,cv,imse,1.0,1.0
stochastic,215,cv,imae,1.0,1.0
stochastic,215,cv,maxerr,1.0,1.0
stochastic,215,loocv,imse,1.0,1.0
stochastic,215,loocv,imae,1.0,1.0
stochastic,215,loocv,maxerr,1.0,1.0
stochastic,215,silverman,imse,1.0,1.0
stochastic,215,silverman,imae,1.0,1.0
stochastic,215,silverman,maxerr,1.0,1.0
stochastic,217,cv,imse,1.0,1.0
stochastic,217,cv,imae,1.0,1.0
stochastic,217,cv,maxerr,1.0,1.0
stochastic,217,loocv,imse,1.0,1.0
stochastic,217,loocv,imae,1.0,1.0
stochastic,217,loocv,maxerr,1.0,1.0
stochastic,217,silverman,imse,1.0,1.0
stochastic,217,silverman,imae,1.0,1.0
stochastic,217,silverman,maxerr,1.0,1.0
stochastic,218,cv,imse,1.0,1.0
stochastic,218,cv,imae,1.0,1.0
stochastic,218,cv,maxerr,1.0,1.0
stochastic,218,loocv,imse,1.0,1.0
stochastic,218,loocv,imae,1.0,1.0
stochastic,218,loocv,maxerr,1.0,1.0
stochastic,218,silverman,imse,1.0,1.0
stochastic,218,silverman,imae,1.0,1.0
stochastic,218,silverman,maxerr,1.0,1.0
stochastic,219,cv,imse,1.0,1.0
stochastic,219,cv,imae,1.0,1.0
stochastic,219,cv,maxerr,1.0,1.0
stochastic,219,loocv,imse,1.0,1.0
stochastic,219,loocv,imae,1.0,1.0
stochastic,219,loocv,maxerr,1.0,1.0
stochastic,219,silverman,imse,1.0,1.0
stochastic,219,silverman,imae,1.0,1.0
stochastic,219,silverman,maxerr,1.0,1.0
stochastic,220,cv,imse,1.0,1.0
stochastic,220,cv,imae,1.0,1.0
stochastic,220,cv,maxerr,1.0,1.0
stochastic,220,loocv,imse,1.0,1.0
stochastic,220,loocv,imae,1.0,1.0
stochastic,220,loocv,maxerr,1.0,1.0
stochastic,220,silverman,imse,1.0,1.0
stochastic,220,silverman,imae,1.0,1.0
stochastic,220,silverman,maxerr,1.0,1.0
stochastic,221,cv,imse,1.0,1.0
stochastic,221,cv,imae,1.0,1.0
stochastic,221,cv,maxerr,1.0,1.0
stochastic,221,loocv,imse,1.0,1.0
stochastic,221,loocv,imae,1.0,1.0
stochastic,221,loocv,maxerr,1.0,1.0
stochastic,221,silverman,imse,1.0,1.0
stochastic,221,silverman,imae,1.0,1.0
stochastic,221,silverman,maxerr,1.0,1.0
stochastic,223,cv,imse,1.0,1.0
stochastic,223,cv,imae,1.0,1.0
stochastic,223,cv,maxerr,1.0,1.0
stochastic,223,loocv,imse,1.0,1.0
stochastic,223,loocv,imae,1.0,1.0
stochastic,223,loocv,maxerr,1.0,1.0
stochastic,223,silverman,imse,1.0,1.0
stochastic,223,silverman,imae,1.0,1.0
stochastic,223,silverman,maxerr,1.0,1.0
stochastic,225,cv,imse,1.0,1.0
stochastic,225,cv,imae,1.0,1.0
stochastic,225,cv,maxerr,1.0,1.0
stochastic,225,loocv,imse,1.0,1.0
stochastic,225,loocv,imae,1.0,1.0
stochastic,225,loocv,maxerr,1.0,1.0
stochastic,226,cv,imse,1.0,1.0
stochastic,226,cv,imae,1.0,1.0
stochastic,226,cv,maxerr,1.0,1.0
stochastic,226,loocv,imse,1.0,1.0
stochastic,226,loocv,imae,1.0,1.0
stochastic,226,loocv,maxerr,1.0,1.0
stochastic,226,silverman,imse,1.0,1.0
stochastic,226,silverman,imae,1.0,1.0
stochastic,226,silverman,maxerr,1.0,1.0
stochastic,228,cv,imse,1.0,1.0
stochastic,228,cv,imae,1.0,1.0
stochastic,228,cv,maxerr,1.0,1.0
stochastic,228,loocv,imse,1.0,1.0
stochastic,228,loocv,imae,1.0,1.0
stochastic,228,loocv,maxerr,1.0,1.0
stochastic,228,silverman,imse,1.0,1.0
stochastic,228,silverman,imae,1.0,1.0
stochastic,228,silverman,maxerr,1.0,1.0
stochastic,229,cv,imse,1.0,1.0
stochastic,229,cv,imae,1.0,1.0
stochastic,229,cv,maxerr,1.0,1.0
stochastic,229,loocv,imse,1.0,1.0
stochastic,229,loocv,imae,1.0,1.0
stochastic,229,loocv,maxerr,1.0,1.0
stochastic,229,silverman,imse,1.0,1.0
stochastic,229,silverman,imae,1.0,1.0
stochastic,229,silverman,maxerr,1.0,1.0
stochastic,231,cv,imse,1.0,1.0
stochastic,231,cv,imae,1.0,1.0
stochastic,231,cv,maxerr,1.0,1.0
stochastic,231,loocv,imse,1.0,1.0
stochastic,231,loocv,imae,1.0,1.0
stochastic,231,loocv,maxerr,1.0,1.0
stochastic,231,silverman,imse,1.0,1.0
stochastic,231,silverman,imae,1.0,1.0
stochastic,231,silverman,maxerr,1.0,1.0
stochastic,232,cv,imse,1.0,1.0
stochastic,232,cv,imae,1.0,1.0
stochastic,232,cv,maxerr,1.0,1.0
stochastic,232,loocv,imse,1.0,1.0
stochastic,232,loocv,imae,1.0,1.0
stochastic,232,loocv,maxerr,1.0,1.0
stochastic,232,silverman,imse,1.0,1.0
stochastic,232,silverman,imae,1.0,1.0
stochastic,232,silverman,maxerr,1.0,1.0
stochastic,233,cv,imse,1.0,1.0
stochastic,233,cv,imae,1.0,1.0
stochastic,233,cv,maxerr,1.0,1.0
stochastic,233,loocv,imse,1.0,1.0
stochastic,233,loocv,imae,1.0,1.0
stochastic,233,loocv,maxerr,1.0,1.0
stochastic,233,silverman,imse,1.0,1.0
stochastic,233,silverman,imae,1.0,1.0
stochastic,233,silverman,maxerr,1.0,1.0
stochastic,234,cv,imse,1.0,1.0
stochastic,234,cv,imae,1.0,1.0
stochastic,234,cv,maxerr,1.0,1.0
stochastic,234,loocv,imse,1.0,1.0
stochastic,234,loocv,imae,1.0,1.0
stochastic,234,loocv,maxerr,1.0,1.0
stochastic,234,silverman,imse,1.0,1.0
stochastic,234,silverman,imae,1.0,1.0
stochastic,234,silverman,maxerr,1.0,1.0
stochastic,235,cv,imse,1.0,1.0
stochastic,235,cv,imae,1.0,1.0
stochastic,235,cv,maxerr,1.0,1.0
stochastic,235,loocv,imse,1.0,1.0
stochastic,235,loocv,imae,1.0,1.0
stochastic,235,loocv,maxerr,1.0,1.0
stochastic,235,silverman,imse,1.0,1.0
stochastic,235,silverman,imae,1.0,1.0
stochastic,235,silverman,maxerr,1.0,1.0
stochastic,236,cv,imse,1.0,1.0
stochastic,236,cv,imae,1.0,1.0
stochastic,236,cv,maxerr,1.0,1.0
stochastic,236,loocv,imse,1.0,1.0
stochastic,236,loocv,imae,1.0,1.0
stochastic,236,loocv,maxerr,1.0,1.0
stochastic,236,silverman,imse,1.0,1.0
stochastic,236,silverman,imae,1.0,1.0
stochastic,236,silverman,maxerr,1.0,1.0
stochastic,237,cv,imse,1.0,1.0
stochastic,237,cv,imae,1.0,1.0
stochastic,237,cv,maxerr,1.0,1.0
stochastic,237,loocv,imse,1.0,1.0
stochastic,237,loocv,imae,1.0,1.0
stochastic,237,loocv,maxerr,1.0,1.0
stochastic,237,silverman,imse,1.0,1.0
stochastic,237,silverman,imae,1.0,1.0
stochastic,237,silverman,maxerr,1.0,1.0
stochastic,238,cv,imse,1.0,1.0
stochastic,238,cv,imae,1.0,1.0
stochastic,238,cv,maxerr,1.0,1.0
stochastic,238,loocv,imse,1.0,1.0
stochastic,238,loocv,imae,1.0,1.0
stochastic,238,loocv,maxerr,1.0,1.0
stochastic,238,silverman,imse,1.0,1.0
stochastic,238,silverman,imae,1.0,1.0
stochastic,238,silverman,maxerr,1.0,1.0
stochastic,239,silverman,imse,1.0,1.0
stochastic,239,silverman,imae,1.0,1.0
stochastic,239,silverman,maxerr,1.0,1.0
stochastic,241,cv,imse,1.0,1.0
stochastic,241,cv,imae,1.0,1.0
stochastic,241,cv,maxerr,1.0,1.0
stochastic,241,loocv,imse,1.0,1.0
stochastic,241,loocv,imae,1.0,1.0
stochastic,241,loocv,maxerr,1.0,1.0
stochastic,241,silverman,imse,1.0,1.0
stochastic,241,silverman,imae,1.0,1.0
stochastic,241,silverman,maxerr,1.0,1.0
stochastic,243,cv,imse,1.0,1.0
stochastic,243,cv,imae,1.0,1.0
stochastic,243,cv,maxerr,1.0,1.0
stochastic,243,loocv,imse,1.0,1.0
stochastic,243,loocv,imae,1.0,1.0
stochastic,243,loocv,maxerr,1.0,1.0
stochastic,243,silverman,imse,1.0,1.0
stochastic,243,silverman,imae,1.0,1.0
stochastic,243,silverman,maxerr,1.0,1.0
stochastic,244,cv,imse,1.0,1.0
stochastic,244,cv,imae,1.0,1.0
stochastic,244,cv,maxerr,1.0,1.0
stochastic,244,loocv,imse,1.0,1.0
stochastic,244,loocv,imae,1.0,1.0
stochastic,244,loocv,maxerr,1.0,1.0
stochastic,244,silverman,imse,1.0,1.0
stochastic,244,silverman,imae,1.0,1.0
stochastic,244,silverman,maxerr,1.0,1.0
stochastic,245,cv,imse,1.0,1.0
stochastic,245,cv,imae,1.0,1.0
stochastic,245,cv,maxerr,1.0,1.0
stochastic,245,loocv,imse,1.0,1.0
stochastic,245,loocv,imae,1.0,1.0
stochastic,245,loocv,maxerr,1.0,1.0
stochastic,245,silverman,imse,1.0,1.0
stochastic,245,silverman,imae,1.0,1.0
stochastic,245,silverman,maxerr,1.0,1.0
stochastic,246,cv,imse,1.0,1.0
stochastic,246,cv,imae,1.0,1.0
stochastic,246,cv,maxerr,1.0,1.0
stochastic,246,loocv,imse,1.0,1.0
stochastic,246,loocv,imae,1.0,1.0
stochastic,246,loocv,maxerr,1.0,1.0
stochastic,246,silverman,imse,1.0,1.0
stochastic,246,silverman,imae,1.0,1.0
stochastic,246,silverman,maxerr,1.0,1.0
stochastic,248,silverman,imse,1.0,1.0
stochastic,248,silverman,imae,1.0,1.0
stochastic,248,silverman,maxerr,1.0,1.0
stochastic,249,cv,imse,1.0,1.0
stochastic,249,cv,imae,1.0,1.0
stochastic,249,cv,maxerr,1.0,1.0
stochastic,249,loocv,imse,1.0,1.0
stochastic,249,loocv,imae,1.0,1.0
stochastic,249,loocv,maxerr,1.0,1.0
stochastic,249,silverman,imse,1.0,1.0
stochastic,249,silverman,imae,1.0,1.0
stochastic,249,silverman,maxerr,1.0,1.0
stochastic,250,cv,imse,1.0,1.0
stochastic,250,cv,imae,1.0,1.0
stochastic,250,cv,maxerr,1.0,1.0
stochastic,250,loocv,imse,1.0,1.0
stochastic,250,loocv,imae,1.0,1.0
stochastic,250,loocv,maxerr,1.0,1.0
stochastic,250,silverman,imse,1.0,1.0
stochastic,250,silverman,imae,1.0,1.0
stochastic,250,silverman,maxerr,1.0,1.0
stochastic,251,cv,imse,1.0,1.0
stochastic,251,cv,imae,1.0,1.0
stochastic,251,cv,maxerr,1.0,1.0
stochastic,251,loocv,imse,1.0,1.0
stochastic,251,loocv,imae,1.0,1.0
stochastic,251,loocv,maxerr,1.0,1.0
stochastic,251,silverman,imse,1.0,1.0
stochastic,251,silverman,imae,1.0,1.0
stochastic,251,silverman,maxerr,1.0,1.0
stochastic,252,cv,imse,1.0,1.0
stochastic,252,cv,imae,1.0,1.0
stochastic,252,cv,maxerr,1.0,1.0
stochastic,252,loocv,imse,1.0,1.0
stochastic,252,loocv,imae,1.0,1.0
stochastic,252,loocv,maxerr,1.0,1.0
stochastic,252,silverman,imse,1.0,1.0
stochastic,252,silverman,imae,1.0,1.0
stochastic,252,silverman,maxerr,1.0,1.0
stochastic,253,loocv,imse,1.0,1.0
stochastic,253,loocv,imae,1.0,1.0
stochastic,253,loocv,maxerr,1.0,1.0
stochastic,254,cv,imse,1.0,1.0
stochastic,254,cv,imae,1.0,1.0
stochastic,254,cv,maxerr,1.0,1.0
stochastic,254,loocv,imse,1.0,1.0
stochastic,254,loocv,imae,1.0,1.0
stochastic,254,loocv,maxerr,1.0,1.0
stochastic,254,silverman,imse,1.0,1.0
stochastic,254,silverman,imae,1.0,1.0
stochastic,254,silverman,maxerr,1.0,1.0
stochastic,255,cv,imse,1.0,1.0
stochastic,255,cv,imae,1.0,1.0
stochastic,255,cv,maxerr,1.0,1.0
stochastic,255,loocv,imse,1.0,1.0
stochastic,255,loocv,imae,1.0,1.0
stochastic,255,loocv,maxerr,1.0,1.0
stochastic,255,silverman,imse,1.0,1.0
stochastic,255,silverman,imae,1.0,1.0
stochastic,255,silverman,maxerr,1.0,1.0
stochastic,256,cv,imse,1.0,1.0
stochastic,256,cv,imae,1.0,1.0
stochastic,256,cv,maxerr,1.0,1.0
stochastic,256,loocv,imse,1.0,1.0
stochastic,256,loocv,imae,1.0,1.0
stochastic,256,loocv,maxerr,1.0,1.0
stochastic,256,silverman,imse,1.0,1.0
stochastic,256,silverman,imae,1.0,1.0
stochastic,256,silverman,maxerr,1.0,1.0
stochastic,257,cv,imse,1.0,1.0
stochastic,257,cv,imae,1.0,1.0
stochastic,257,cv,maxerr,1.0,1.0
stochastic,257,loocv,imse,1.0,1.0
stochastic,257,loocv,imae,1.0,1.0
stochastic,257,loocv,maxerr,1.0,1.0
stochastic,257,silverman,imse,1.0,1.0
stochastic,257,silverman,imae,1.0,1.0
stochastic,257,silverman,maxerr,1.0,1.0
stochastic,260,cv,imse,1.0,1.0
stochastic,260,cv,imae,1.0,1.0
stochastic,260,cv,maxerr,1.0,1.0
stochastic,260,silverman,imse,1.0,1.0
stochastic,260,silverman,imae,1.0,1.0
stochastic,260,silverman,maxerr,1.0,1.0
stochastic,261,cv,imse,1.0,1.0
stochastic,261,cv,imae,1.0,1.0
stochastic,261,cv,maxerr,1.0,1.0
stochastic,261,loocv,imse,1.0,1.0
stochastic,261,loocv,imae,1.0,1.0
stochastic,261,loocv,maxerr,1.0,1.0
stochastic,262,cv,imse,1.0,1.0
stochastic,262,cv,imae,1.0,1.0
stochastic,262,cv,maxerr,1.0,1.0
stochastic,262,loocv,imse,1.0,1.0
stochastic,262,loocv,imae,1.0,1.0
stochastic,262,loocv,maxerr,1.0,1.0
stochastic,262,silverman,imse,1.0,1.0
stochastic,262,silverman,imae,1.0,1.0
stochastic,262,silverman,maxerr,1.0,1.0
stochastic,263,cv,imse,1.0,1.0
stochastic,263,cv,imae,1.0,1.0
stochastic,263,cv,maxerr,1.0,1.0
stochastic,263,loocv,imse,1.0,1.0
stochastic,263,loocv,imae,1.0,1.0
stochastic,263,loocv,maxerr,1.0,1.0
stochastic,263,silverman,imse,1.0,1.0
stochastic,263,silverman,imae,1.0,1.0
stochastic,263,silverman,maxerr,1.0,1.0
stochastic,264,cv,imse,1.0,1.0
stochastic,264,cv,imae,1.0,1.0
stochastic,264,cv,maxerr,1.0,1.0
stochastic,264,loocv,imse,1.0,1.0
stochastic,264,loocv,imae,1.0,1.0
stochastic,264,loocv,maxerr,1.0,1.0
stochastic,264,silverman,imse,1.0,1.0
stochastic,264,silverman,imae,1.0,1.0
stochastic,264,silverman,maxerr,1.0,1.0
stochastic,265,cv,imse,1.0,1.0
stochastic,265,cv,imae,1.0,1.0
stochastic,265,cv,maxerr,1.0,1.0
stochastic,265,loocv,imse,1.0,1.0
stochastic,265,loocv,imae,1.0,1.0
stochastic,265,loocv,maxerr,1.0,1.0
stochastic,265,silverman,imse,1.0,1.0
stochastic,265,silverman,imae,1.0,1.0
stochastic,265,silverman,maxerr,1.0,1.0
stochastic,266,loocv,imse,1.0,1.0
stochastic,266,loocv,imae,1.0,1.0
stochastic,266,loocv,maxerr,1.0,1.0
stochastic,266,silverman,imse,1.0,1.0
stochastic,266,silverman,imae,1.0,1.0
stochastic,266,silverman,maxerr,1.0,1.0
stochastic,267,silverman,imse,1.0,1.0
stochastic,267,silverman,imae,1.0,1.0
stochastic,267,silverman,maxerr,1.0,1.0
stochastic,268,cv,imse,1.0,1.0
stochastic,268,cv,imae,1.0,1.0
stochastic,268,cv,maxerr,1.0,1.0
stochastic,268,loocv,imse,1.0,1.0
stochastic,268,loocv,imae,1.0,1.0
stochastic,268,loocv,maxerr,1.0,1.0
stochastic,268,silverman,imse,1.0,1.0
stochastic,268,silverman,imae,1.0,1.0
stochastic,268,silverman,maxerr,1.0,1.0
stochastic,269,cv,imse,1.0,1.0
stochastic,269,cv,imae,1.0,1.0
stochastic,269,cv,maxerr,1.0,1.0
stochastic,269,loocv,imse,1.0,1.0
stochastic,269,loocv,imae,1.0,1.0
stochastic,269,loocv,maxerr,1.0,1.0
stochastic,269,silverman,imse,1.0,1.0
stochastic,269,silverman,imae,1.0,1.0
stochastic,269,silverman,maxerr,1.0,1.0
stochastic,270,cv,imse,1.0,1.0
stochastic,270,cv,imae,1.0,1.0
stochastic,270,cv,maxerr,1.0,1.0
stochastic,270,loocv,imse,1.0,1.0
stochastic,270,loocv,imae,1.0,1.0
stochastic,270,loocv,maxerr,1.0,1.0
stochastic,270,silverman,imse,1.0,1.0
stochastic,270,silverman,imae,1.0,1.0
stochastic,270,silverman,maxerr,1.0,1.0
stochastic,271,cv,imse,1.0,1.0
stochastic,271,cv,imae,1.0,1.0
stochastic,271,cv,maxerr,1.0,1.0
stochastic,271,loocv,imse,1.0,1.0
stochastic,271,loocv,imae,1.0,1.0
stochastic,271,loocv,maxerr,1.0,1.0
stochastic,271,silverman,imse,1.0,1.0
stochastic,271,silverman,imae,1.0,1.0
stochastic,271,silverman,maxerr,1.0,1.0
stochastic,273,cv,imse,1.0,1.0
stochastic,273,cv,imae,1.0,1.0
stochastic,273,cv,maxerr,1.0,1.0
stochastic,273,loocv,imse,1.0,1.0
stochastic,273,loocv,imae,1.0,1.0
stochastic,273,loocv,maxerr,1.0,1.0
stochastic,273,silverman,imse,1.0,1.0
stochastic,273,silverman,imae,1.0,1.0
stochastic,273,silverman,maxerr,1.0,1.0
stochastic,274,cv,imse,1.0,1.0
stochastic,274,cv,imae,1.0,1.0
stochastic,274,cv,maxerr,1.0,1.0
stochastic,274,loocv,imse,1.0,1.0
stochastic,274,loocv,imae,1.0,1.0
stochastic,274,loocv,maxerr,1.0,1.0
stochastic,274,silverman,imse,1.0,1.0
stochastic,274,silverman,imae,1.0,1.0
stochastic,274,silverman,maxerr,1.0,1.0
stochastic,275,cv,imse,1.0,1.0
stochastic,275,cv,imae,1.0,1.0
stochastic,275,cv,maxerr,1.0,1.0
stochastic,275,loocv,imse,1.0,1.0
stochastic,275,loocv,imae,1.0,1.0
stochastic,275,loocv,maxerr,1.0,1.0
stochastic,275,silverman,imse,1.0,1.0
stochastic,275,silverman,imae,1.0,1.0
stochastic,275,silverman,maxerr,1.0,1.0
stochastic,276,cv,imse,1.0,1.0
stochastic,276,cv,imae,1.0,1.0
stochastic,276,cv,maxerr,1.0,1.0
stochastic,276,loocv,imse,1.0,1.0
stochastic,276,loocv,imae,1.0,1.0
stochastic,276,loocv,maxerr,1.0,1.0
stochastic,276,silverman,imse,1.0,1.0
stochastic,276,silverman,imae,1.0,1.0
stochastic,276,silverman,maxerr,1.0,1.0
stochastic,277,cv,imse,1.0,1.0
stochastic,277,cv,imae,1.0,1.0
stochastic,277,cv,maxerr,1.0,1.0
stochastic,277,loocv,imse,1.0,1.0
stochastic,277,loocv,imae,1.0,1.0
stochastic,277,loocv,maxerr,1.0,1.0
stochastic,277,silverman,imse,1.0,1.0
stochastic,277,silverman,imae,1.0,1.0
stochastic,277,silverman,maxerr,1.0,1.0
stochastic,278,cv,imse,1.0,1.0
stochastic,278,cv,imae,1.0,1.0
stochastic,278,cv,maxerr,1.0,1.0
stochastic,278,loocv,imse,1.0,1.0
stochastic,278,loocv,imae,1.0,1.0
stochastic,278,loocv,maxerr,1.0,1.0
stochastic,278,silverman,imse,1.0,1.0
stochastic,278,silverman,imae,1.0,1.0
stochastic,278,silverman,maxerr,1.0,1.0
stochastic,279,cv,imse,1.0,1.0
stochastic,279,cv,imae,1.0,1.0
stochastic,279,cv,maxerr,1.0,1.0
stochastic,279,loocv,imse,1.0,1.0
stochastic,279,loocv,imae,1.0,1.0
stochastic,279,loocv,maxerr,1.0,1.0
stochastic,279,silverman,imse,1.0,1.0
stochastic,279,silverman,imae,1.0,1.0
stochastic,279,silverman,maxerr,1.0,1.0
stochastic,280,cv,imse,1.0,1.0
stochastic,280,cv,imae,1.0,1.0
stochastic,280,cv,maxerr,1.0,1.0
stochastic,280,loocv,imse,1.0,1.0
stochastic,280,loocv,imae,1.0,1.0
stochastic,280,loocv,maxerr,1.0,1.0
stochastic,280,silverman,imse,1.0,1.0
stochastic,280,silverman,imae,1.0,1.0
stochastic,280,silverman,maxerr,1.0,1.0
stochastic,282,cv,imse,1.0,1.0
stochastic,282,cv,imae,1.0,1.0
stochastic,282,cv,maxerr,1.0,1.0
stochastic,282,loocv,imse,1.0,1.0
stochastic,282,loocv,imae,1.0,1.0
stochastic,282,loocv,maxerr,1.0,1.0
stochastic,282,silverman,imse,1.0,1.0
stochastic,282,silverman,imae,1.0,1.0
stochastic,282,silverman,maxerr,1.0,1.0
stochastic,283,silverman,imse,1.0,1.0
stochastic,283,silverman,imae,1.0,1.0
stochastic,283,silverman,maxerr,1.0,1.0
stochastic,285,loocv,imse,1.0,1.0
stochastic,285,loocv,imae,1.0,1.0
stochastic,285,loocv,maxerr,1.0,1.0
stochastic,285,silverman,imse,1.0,1.0
stochastic,285,silverman,imae,1.0,1.0
stochastic,285,silverman,maxerr,1.0,1.0
stochastic,286,cv,imse,1.0,1.0
stochastic,286,cv,imae,1.0,1.0
stochastic,286,cv,maxerr,1.0,1.0
stochastic,286,loocv,imse,1.0,1.0
stochastic,286,loocv,imae,1.0,1.0
stochastic,286,loocv,maxerr,1.0,1.0
stochastic,286,silverman,imse,1.0,1.0
stochastic,286,silverman,imae,1.0,1.0
stochastic,286,silverman,maxerr,1.0,1.0
stochastic,287,cv,imse,1.0,1.0
stochastic,287,cv,imae,1.0,1.0
stochastic,287,cv,maxerr,1.0,1.0
stochastic,287,loocv,imse,1.0,1.0
stochastic,287,loocv,imae,1.0,1.0
stochastic,287,loocv,maxerr,1.0,1.0
stochastic,287,silverman,imse,1.0,1.0
stochastic,287,silverman,imae,1.0,1.0
stochastic,287,silverman,maxerr,1.0,1.0
stochastic,288,cv,imse,1.0,1.0
stochastic,288,cv,imae,1.0,1.0
stochastic,288,cv,maxerr,1.0,1.0
stochastic,288,loocv,imse,1.0,1.0
stochastic,288,loocv,imae,1.0,1.0
stochastic,288,loocv,maxerr,1.0,1.0
stochastic,288,silverman,imse,1.0,1.0
stochastic,288,silverman,imae,1.0,1.0
stochastic,288,silverman,maxerr,1.0,1.0
stochastic,289,cv,imse,1.0,1.0
stochastic,289,cv,imae,1.0,1.0
stochastic,289,cv,maxerr,1.0,1.0
stochastic,289,loocv,imse,1.0,1.0
stochastic,289,loocv,imae,1.0,1.0
stochastic,289,loocv,maxerr,1.0,1.0
stochastic,289,silverman,imse,1.0,1.0
stochastic,289,silverman,imae,1.0,1.0
stochastic,289,silverman,maxerr,1.0,1.0
stochastic,291,cv,imse,1.0,1.0
stochastic,291,cv,imae,1.0,1.0
stochastic,291,cv,maxerr,1.0,1.0
stochastic,291,loocv,imse,1.0,1.0
stochastic,291,loocv,imae,1.0,1.0
stochastic,291,loocv,maxerr,1.0,1.0
stochastic,291,silverman,imse,1.0,1.0
stochastic,291,silverman,imae,1.0,1.0
stochastic,291,silverman,maxerr,1.0,1.0
stochastic,294,cv,imse,1.0,1.0
stochastic,294,cv,imae,1.0,1.0
stochastic,294,cv,maxerr,1.0,1.0
stochastic,294,loocv,imse,1.0,1.0
stochastic,294,loocv,imae,1.0,1.0
stochastic,294,loocv,maxerr,1.0,1.0
stochastic,294,silverman,imse,1.0,1.0
stochastic,294,silverman,imae,1.0,1.0
stochastic,294,silverman,maxerr,1.0,1.0
stochastic,295,cv,imse,1.0,1.0
stochastic,295,cv,imae,1.0,1.0
stochastic,295,cv,maxerr,1.0,1.0
stochastic,295,loocv,imse,1.0,1.0
stochastic,295,loocv,imae,1.0,1.0
stochastic,295,loocv,maxerr,1.0,1.0
stochastic,295,silverman,imse,1.0,1.0
stochastic,295,silverman,imae,1.0,1.0
stochastic,295,silverman,maxerr,1.0,1.0
stochastic,296,cv,imse,1.0,1.0
stochastic,296,cv,imae,1.0,1.0
stochastic,296,cv,maxerr,1.0,1.0
stochastic,296,loocv,imse,1.0,1.0
stochastic,296,loocv,imae,1.0,1.0
stochastic,296,loocv,maxerr,1.0,1.0
stochastic,296,silverman,imse,1.0,1.0
stochastic,296,silverman,imae,1.0,1.0
stochastic,296,silverman,maxerr,1.0,1.0
stochastic,297,cv,imse,1.0,1.0
stochastic,297,cv,imae,1.0,1.0
stochastic,297,cv,maxerr,1.0,1.0
stochastic,297,loocv,imse,1.0,1.0
stochastic,297,loocv,imae,1.0,1.0
stochastic,297,loocv,maxerr,1.0,1.0
stochastic,297,silverman,imse,1.0,1.0
stochastic,297,silverman,imae,1.0,1.0
stochastic,297,silverman,maxerr,1.0,1.0
stochastic,298,cv,imse,1.0,1.0
stochastic,298,cv,imae,1.0,1.0
stochastic,298,cv,maxerr,1.0,1.0
stochastic,298,loocv,imse,1.0,1.0
stochastic,298,loocv,imae,1.0,1.0
stochastic,298,loocv,maxerr,1.0,1.0
stochastic,298,silverman,imse,1.0,1.0
stochastic,298,silverman,imae,1.0,1.0
stochastic,298,silverman,maxerr,1.0,1.0
stochastic,299,cv,imse,1.0,1.0
stochastic,299,cv,imae,1.0,1.0
stochastic,299,cv,maxerr,1.0,1.0
stochastic,299,loocv,imse,1.0,1.0
stochastic,299,loocv,imae,1.0,1.0
stochastic,299,loocv,maxerr,1.0,1.0
stochastic,299,silverman,imse,1.0,1.0
stochastic,299,silverman,imae,1.0,1.0
stochastic,299,silverman,maxerr,1.0,1.0
